id,Año,Trimestre,Provincia,Accesos por cada 100 hogares,HASTA 512 kbps,+ 512 Kbps - 1 Mbps,+ 1 Mbps - 6 Mbps,+ 6 Mbps - 10 Mbps,+ 10 Mbps - 20 Mbps,+ 20 Mbps - 30 Mbps,+ 30 Mbps,OTROS,Total_velocidad_bajada,Banda ancha fija,Dial up,Total_Bandaancha_bandaangosta
20223BuenosAires,2022,3,Buenos Aires,78.11,29985,27709,290315,297915,267044,12419,3618689,65821.0,4721668,4715469,6199.0,4721668
20223CapitalFederal,2022,3,Capital Federal,122.28,5170,5742,34371,67829,51946,28692,1253105,105477.0,1547679,1545534,2145.0,1547679
20223Catamarca,2022,3,Catamarca,65.33,710,3840,3107,5389,5099,3737,50298,2208.0,70293,70292,1.0,70293
20223Chaco,2022,3,Chaco,43.86,4610,9870,16782,18938,8049,15828,79390,3711.0,144146,144141,5.0,144146
20223Chubut,2022,3,Chubut,84.38,1090,1444,45707,3094,34682,15309,17563,20024.0,165778,164874,904.0,165778
20223Córdoba,2022,3,Córdoba,88.31,990,11312,153324,111615,70989,27112,650344,13873.0,1038668,1038600,68.0,1038668
20223Corrientes,2022,3,Corrientes,48.21,670,3865,23427,23948,7776,21706,56950,7107.0,144846,144842,4.0,144846
20223EntreRíos,2022,3,Entre Ríos,63.67,1070,5549,47210,46855,18263,32021,102195,16759.0,268959,268937,22.0,268959
20223Formosa,2022,3,Formosa,43.76,970,3070,23538,19545,6194,5640,17704,5890.0,68538,68537,1.0,68538
20223Jujuy,2022,3,Jujuy,58.91,580,1879,19135,15254,36083,5190,45895,0.0,118823,118823,0.0,118823
20223LaPampa,2022,3,La Pampa,96.59,680,1887,61540,9653,11592,5609,22731,3012.0,116092,115921,171.0,116092
20223LaRioja,2022,3,La Rioja,80.66,180,6890,2842,3375,24219,5331,50390,0.0,86864,86860,4.0,86864
20223Mendoza,2022,3,Mendoza,51.03,1030,2953,44232,21977,48201,17243,150043,4771.0,289523,288746,777.0,289523
20223Misiones,2022,3,Misiones,51.82,510,3749,36628,20758,12676,19615,80330,835.0,182157,182157,0.0,182157
20223Neuquén,2022,3,Neuquén,80.37,1340,9910,38485,1408,92,67,78713,14858.0,163161,162693,468.0,163161
20223RíoNegro,2022,3,Río Negro,67.98,1110,1221,32936,1786,27934,13629,42596,24271.0,160558,160010,548.0,160558
20223Salta,2022,3,Salta,57.76,1140,149,32923,71199,5662,1001,85661,6491.0,204541,204536,5.0,204541
20223SanJuan,2022,3,San Juan,50.8,240,2027,30324,11247,22157,678,19221,11619.0,103399,103118,281.0,103399
20223SanLuis,2022,3,San Luis,81.74,600,3070,6563,20813,12061,67438,13,14815.0,122070,121888,182.0,122070
20223SantaCruz,2022,3,Santa Cruz,43.19,520,6841,12342,11313,11378,2333,4604,6470.0,49510,49312,198.0,49510
20223SantaFe,2022,3,Santa Fe,78.55,4680,11132,132709,198588,70897,57455,396352,20209.0,887810,887700,110.0,887810
20223SantiagoDelEstero,2022,3,Santiago Del Estero,47.98,1780,1384,28357,58982,16087,9100,12342,7920.0,119032,119030,2.0,119032
20223TierraDelFuego,2022,3,Tierra Del Fuego,99.51,220,8310,12002,14815,20102,1752,1021,3351.0,53896,53584,312.0,53896
20223Tucumán,2022,3,Tucumán,61.14,390,2047,32571,39018,25214,4348,159600,2800.0,263117,263087,30.0,263117
20222BuenosAires,2022,2,Buenos Aires,77.58,30639,28323,295238,307554,273954,129869,3535757,65849.0,4667183,4660984,6199.0,4667183
20222CapitalFederal,2022,2,Capital Federal,121.31,5170,598,36036,72434,55372,31571,1229254,105607.0,1536771,1534626,2145.0,1536771
20222Catamarca,2022,2,Catamarca,62.4,710,4130,3678,6155,7165,3393,43926,2207.0,67008,67007,1.0,67008
20222Chaco,2022,2,Chaco,43.79,4610,1047,17603,20109,8391,15974,76271,3708.0,143564,143559,5.0,143564
20222Chubut,2022,2,Chubut,83.19,1090,1444,45804,31217,3429,14526,15394,20021.0,162805,161901,904.0,162805
20222Córdoba,2022,2,Córdoba,87.48,990,11971,160486,120485,71923,28645,619400,13426.0,1026435,1026367,68.0,1026435
20222Corrientes,2022,2,Corrientes,48.35,670,3937,24253,24842,8001,21719,55071,7107.0,144997,144993,4.0,144997
20222EntreRíos,2022,2,Entre Ríos,63.9,1070,5656,48637,48557,18512,32355,98769,16759.0,269352,269330,22.0,269352
20222Formosa,2022,2,Formosa,43.42,970,4070,23834,19706,633,5910,16326,5900.0,67881,67881,0.0,67881
20222Jujuy,2022,2,Jujuy,57.32,580,1829,19458,1579,37786,5490,37391,2453.0,115314,115314,0.0,115314
20222LaPampa,2022,2,La Pampa,92.98,680,1887,62546,9842,118,5247,17125,3012.0,111527,111356,171.0,111527
20222LaRioja,2022,2,La Rioja,80.14,180,7280,3179,389,23814,5481,48920,0.0,86030,86026,4.0,86030
20222Mendoza,2022,2,Mendoza,49.39,1030,2954,44961,22557,64138,19543,121366,394.0,279562,278785,777.0,279562
20222Misiones,2022,2,Misiones,51.0,510,3808,37254,21712,12774,19757,75107,835.0,178813,178813,0.0,178813
20222Neuquén,2022,2,Neuquén,80.02,1340,9990,38826,15066,9205,2039,76982,18717.0,161968,161500,468.0,161968
20222RíoNegro,2022,2,Río Negro,67.85,1110,1227,33364,17938,27168,13714,41972,2427.0,159764,159216,548.0,159764
20222Salta,2022,2,Salta,57.54,1140,153,33732,72661,6012,1156,81478,6494.0,203177,203172,5.0,203177
20222SanJuan,2022,2,San Juan,49.46,240,2027,30385,11276,24649,3728,16701,11617.0,100407,100126,281.0,100407
20222SanLuis,2022,2,San Luis,81.76,600,3060,6840,21217,11052,67438,13,14815.0,121741,121559,182.0,121741
20222SantaCruz,2022,2,Santa Cruz,43.15,520,6841,12348,11369,11885,2454,3592,6440.0,49185,48987,198.0,49185
20222SantaFe,2022,2,Santa Fe,77.9,4680,11757,138534,204381,74133,58114,373888,17584.0,878859,878749,110.0,878859
20222SantiagoDelEstero,2022,2,Santiago Del Estero,47.7,1780,1401,29581,59931,14606,8830,10672,7920.0,118044,118042,2.0,118044
20222TierraDelFuego,2022,2,Tierra Del Fuego,99.86,220,8310,12052,14828,19968,1712,1006,3351.0,53770,53458,312.0,53770
20222Tucumán,2022,2,Tucumán,59.31,390,2195,34461,43513,23634,4863,145541,2810.0,254527,254497,30.0,254527
20221BuenosAires,2022,1,Buenos Aires,76.08,31591,30056,313382,321756,290127,161183,3381049,2628.0,4555424,4549131,6293.0,4555424
20221CapitalFederal,2022,1,Capital Federal,111.8,5270,5575,39918,7739,61053,43289,1188072,1717.0,1417541,1415378,2163.0,1417541
20221Catamarca,2022,1,Catamarca,58.21,710,4560,4386,7009,8773,3761,35715,2207.0,62378,62377,1.0,62378
20221Chaco,2022,1,Chaco,44.06,4610,1099,16888,21235,20898,13012,62946,758.0,144119,144114,5.0,144119
20221Chubut,2022,1,Chubut,88.05,1130,1677,61369,31856,3308,13871,14055,15607.0,171628,170701,927.0,171628
20221Córdoba,2022,1,Córdoba,85.76,1000,12782,165922,126009,73967,34892,577027,13104.0,1003803,1003729,74.0,1003803
20221Corrientes,2022,1,Corrientes,47.64,670,4029,24563,25665,27077,10452,43631,7094.0,142578,142574,4.0,142578
20221EntreRíos,2022,1,Entre Ríos,63.7,1070,5745,50075,4962,42294,21578,81757,1675.0,267926,267904,22.0,267926
20221Formosa,2022,1,Formosa,34.96,970,4480,24113,6945,6613,7160,15028,5880.0,54548,54548,0.0,54548
20221Jujuy,2022,1,Jujuy,58.06,580,1761,22141,16321,37923,5760,35287,2442.0,116509,116509,0.0,116509
20221LaPampa,2022,1,La Pampa,91.66,3010,2223,62812,9869,12044,525,14400,2833.0,109732,109560,172.0,109732
20221LaRioja,2022,1,La Rioja,78.77,180,7780,3576,4692,23624,5645,45970,0.0,84303,84299,4.0,84303
20221Mendoza,2022,1,Mendoza,48.74,1140,3355,51230,26407,74178,21566,95048,3287.0,275185,274399,786.0,275185
20221Misiones,2022,1,Misiones,49.04,510,3873,35655,22261,26855,15854,58610,8349.0,171508,171508,0.0,171508
20221Neuquén,2022,1,Neuquén,74.17,1370,1123,39856,15623,11163,2654,71238,7885.0,149679,149208,471.0,149679
20221RíoNegro,2022,1,Río Negro,67.04,1160,1383,35565,18859,26926,14144,37729,22652.0,157374,156821,553.0,157374
20221Salta,2022,1,Salta,56.11,1140,1725,35576,68246,6313,2214,76838,6489.0,197515,197510,5.0,197515
20221SanJuan,2022,1,San Juan,43.55,260,2269,32356,11914,25144,2088,11916,2465.0,88178,87888,290.0,88178
20221SanLuis,2022,1,San Luis,80.72,610,6430,8287,3837,9802,68612,13,28589.0,119844,119659,185.0,119844
20221SantaCruz,2022,1,Santa Cruz,43.34,510,6898,12710,11502,12277,2628,2551,4850.0,49102,48898,204.0,49102
20221SantaFe,2022,1,Santa Fe,77.3,4680,12435,143796,208361,84787,58018,344170,18444.0,870479,870364,115.0,870479
20221SantiagoDelEstero,2022,1,Santiago Del Estero,47.17,1780,1401,30220,6117,13542,8490,8309,7920.0,116461,116459,2.0,116461
20221TierraDelFuego,2022,1,Tierra Del Fuego,98.29,240,8940,12849,1564,18034,1767,982,2421.0,52611,52298,313.0,52611
20221Tucumán,2022,1,Tucumán,57.39,390,2212,36028,46961,21014,5211,133846,2730.0,245584,245554,30.0,245584
20214BuenosAires,2021,4,Buenos Aires,75.66,37821,11026,352950,331292,297296,196021,3259793,22958.0,4509157,4502772,6385.0,4509157
20214CapitalFederal,2021,4,Capital Federal,111.27,5630,1695,47133,81899,66135,66755,1147939,0.0,1412119,1409935,2184.0,1412119
20214Catamarca,2021,4,Catamarca,55.25,710,0,6038,7855,9804,3262,29827,2233.0,59090,59089,1.0,59090
20214Chaco,2021,4,Chaco,44.05,4610,1120,18845,22678,21937,13692,58435,7585.0,143745,143740,5.0,143745
20214Chubut,2021,4,Chubut,82.57,1260,1294,63698,39568,31175,578,2904,15763.0,160308,159364,944.0,160308
20214Córdoba,2021,4,Córdoba,84.51,1000,2479,184548,130892,76246,41198,538700,12607.0,986770,986693,77.0,986770
20214Corrientes,2021,4,Corrientes,45.51,670,6450,28830,26368,22922,10087,39911,7082.0,135912,135908,4.0,135912
20214EntreRíos,2021,4,Entre Ríos,63.16,1070,3024,56043,49636,38295,24068,77290,16583.0,265046,265024,22.0,265046
20214Formosa,2021,4,Formosa,34.45,840,0,22908,6983,6811,1135,13775,1967.0,53663,53663,0.0,53663
20214Jujuy,2021,4,Jujuy,56.92,580,1750,22446,16793,38134,5640,33421,2324.0,113915,113915,0.0,113915
20214LaPampa,2021,4,La Pampa,89.57,3010,4930,64840,9082,12259,4821,12184,3027.0,107007,106834,173.0,107007
20214LaRioja,2021,4,La Rioja,77.92,180,10,5018,5437,23559,5671,43424,0.0,83128,83124,4.0,83128
20214Mendoza,2021,4,Mendoza,47.51,1560,1463,66428,30308,75214,18621,75031,3660.0,267587,266783,804.0,267587
20214Misiones,2021,4,Misiones,49.06,510,50,41916,23554,26721,15954,54596,8335.0,171132,171132,0.0,171132
20214Neuquén,2021,4,Neuquén,73.3,1400,9400,42313,13264,10515,331,69217,7767.0,147466,146989,477.0,147466
20214RíoNegro,2021,4,Río Negro,65.69,1560,1174,38373,19878,31255,413,36142,22645.0,153753,153189,564.0,153753
20214Salta,2021,4,Salta,56.81,1140,200,40673,69324,6642,3535,72622,6475.0,199405,199399,6.0,199405
20214SanJuan,2021,4,San Juan,39.59,440,1442,28906,10955,23978,3980,9800,4435.0,79958,79667,291.0,79958
20214SanLuis,2021,4,San Luis,80.3,620,2640,8550,4276,9107,67363,9,29218.0,118849,118662,187.0,118849
20214SantaCruz,2021,4,Santa Cruz,43.05,520,2970,20305,11641,13054,177,876,4910.0,48486,48276,210.0,48486
20214SantaFe,2021,4,Santa Fe,77.09,4670,5810,169706,206856,8569,62349,322015,18777.0,866441,866265,176.0,866441
20214SantiagoDelEstero,2021,4,Santiago Del Estero,47.05,1780,9090,31915,61524,12205,8000,7537,7930.0,115861,115859,2.0,115861
20214TierraDelFuego,2021,4,Tierra Del Fuego,98.4,260,3850,13505,16534,16562,1748,1017,258.0,52357,52042,315.0,52357
20214Tucumán,2021,4,Tucumán,55.93,390,970,37321,48736,21023,5326,125857,2400.0,238639,238609,30.0,238639
20213BuenosAires,2021,3,Buenos Aires,71.68,37193,31149,1108940,248153,141383,192797,2482266,9728.0,4251609,4246425,5184.0,4251609
20213CapitalFederal,2021,3,Capital Federal,111.27,2950,6030,156978,67013,39785,73502,1075229,0.0,1413405,1411797,1608.0,1413405
20213Catamarca,2021,3,Catamarca,52.71,710,0,6755,8428,10517,1659,26618,2206.0,56254,56253,1.0,56254
20213Chaco,2021,3,Chaco,42.96,3010,1120,22545,20986,23852,14412,49705,7958.0,139871,139868,3.0,139871
20213Chubut,2021,3,Chubut,80.71,1040,1050,89168,26281,18538,532,1643,14907.0,156066,155266,800.0,156066
20213Córdoba,2021,3,Córdoba,81.28,990,2452,204989,141285,6505,47198,476459,9256.0,946788,946726,62.0,946788
20213Corrientes,2021,3,Corrientes,44.9,670,6450,29629,28478,24792,9687,35468,5053.0,133819,133816,3.0,133819
20213EntreRíos,2021,3,Entre Ríos,62.18,1070,3024,61354,59776,39114,16284,67961,12755.0,260375,260360,15.0,260375
20213Formosa,2021,3,Formosa,33.96,3810,0,22778,7142,6978,1192,12707,1617.0,52795,52795,0.0,52795
20213Jujuy,2021,3,Jujuy,55.69,480,1750,23884,16417,37755,5610,29917,2401.0,111158,111158,0.0,111158
20213LaPampa,2021,3,La Pampa,84.28,2980,3130,65063,7395,8737,4023,10506,4152.0,100487,100371,116.0,100487
20213LaRioja,2021,3,La Rioja,77.26,180,10,5366,5979,23315,4868,42613,0.0,82160,82157,3.0,82160
20213Mendoza,2021,3,Mendoza,45.55,360,310,151871,1264,62628,7596,21087,500.0,255939,255320,619.0,255939
20213Misiones,2021,3,Misiones,45.57,510,50,41932,25099,26079,14792,42291,8279.0,158528,158528,0.0,158528
20213Neuquén,2021,3,Neuquén,69.71,1120,3270,57441,8566,6234,3631,57919,5579.0,139809,139436,373.0,139809
20213RíoNegro,2021,3,Río Negro,61.97,1250,5570,68991,373,1488,2282,34011,20009.0,144585,144084,501.0,144585
20213Salta,2021,3,Salta,55.96,1010,200,41431,70104,6962,3878,67010,6327.0,195833,195831,2.0,195833
20213SanJuan,2021,3,San Juan,39.46,180,3330,59873,7520,1325,3380,278,4641.0,79483,79227,256.0,79483
20213SanLuis,2021,3,San Luis,79.87,600,0,11552,2405,6491,67942,22,29392.0,117864,117716,148.0,117864
20213SantaCruz,2021,3,Santa Cruz,43.75,500,0,30561,8365,6799,1788,678,7350.0,48976,48779,197.0,48976
20213SantaFe,2021,3,Santa Fe,75.02,4670,5790,193207,20125,83941,5508,290793,16267.0,841584,841433,151.0,841584
20213SantiagoDelEstero,2021,3,Santiago Del Estero,47.0,1230,9090,32752,61838,11274,8010,6863,8980.0,115458,115457,1.0,115458
20213TierraDelFuego,2021,3,Tierra Del Fuego,94.95,170,0,23723,13397,9782,1433,976,8950.0,50223,49934,289.0,50223
20213Tucumán,2021,3,Tucumán,54.64,320,970,39446,50293,21986,53,115154,1640.0,232472,232447,25.0,232472
20212BuenosAires,2021,2,Buenos Aires,70.0,37192,31178,1096049,244001,140322,236897,2337604,9108.0,4132351,4127167,5184.0,4132351
20212CapitalFederal,2021,2,Capital Federal,110.14,2940,6030,157558,73568,43859,86655,1037752,660.0,1400355,1398747,1608.0,1400355
20212Catamarca,2021,2,Catamarca,52.34,710,0,7219,9091,6828,4941,25388,2206.0,55744,55743,1.0,55744
20212Chaco,2021,2,Chaco,43.33,3010,1120,23444,21574,24032,16069,47239,7958.0,140729,140726,3.0,140729
20212Chubut,2021,2,Chubut,72.29,1040,1050,89639,22605,16604,3896,1112,5172.0,139237,138412,825.0,139237
20212Córdoba,2021,2,Córdoba,80.12,990,2452,201757,136516,6695,70824,442357,9925.0,930880,930818,62.0,930880
20212Corrientes,2021,2,Corrientes,43.54,670,6450,29419,27037,24524,10059,32697,5053.0,129501,129498,3.0,129501
20212EntreRíos,2021,2,Entre Ríos,61.66,1070,3024,63518,55349,39468,18484,61605,16077.0,257632,257617,15.0,257632
20212Formosa,2021,2,Formosa,33.23,3810,0,22364,731,746,1341,11077,1618.0,51551,51551,0.0,51551
20212Jujuy,2021,2,Jujuy,56.18,480,1750,24182,16577,37908,6070,29950,2401.0,111848,111848,0.0,111848
20212LaPampa,2021,2,La Pampa,82.08,2980,5540,64146,7769,8128,3399,9311,4062.0,97667,97551,116.0,97667
20212LaRioja,2021,2,La Rioja,76.98,180,10,5312,5971,23298,4825,42158,190.0,81602,81599,3.0,81602
20212Mendoza,2021,2,Mendoza,40.97,360,310,137462,10886,56117,4403,20686,500.0,229671,229052,619.0,229671
20212Misiones,2021,2,Misiones,45.01,510,50,41643,25907,25811,16172,38308,8279.0,156176,156176,0.0,156176
20212Neuquén,2021,2,Neuquén,69.14,1120,3270,57713,8631,5871,5943,54008,5645.0,138250,137877,373.0,138250
20212RíoNegro,2021,2,Río Negro,61.94,1250,5570,69356,3663,15019,3867,31488,20009.0,144084,143583,501.0,144084
20212Salta,2021,2,Salta,54.93,1010,200,42543,67012,7099,9654,58882,6328.0,191639,191637,2.0,191639
20212SanJuan,2021,2,San Juan,39.28,180,3330,59989,7840,1255,3400,278,4641.0,78933,78677,256.0,78933
20212SanLuis,2021,2,San Luis,83.48,600,0,11752,2703,5418,65946,22,36917.0,122818,122670,148.0,122818
20212SantaCruz,2021,2,Santa Cruz,44.01,500,0,30595,8463,6888,1575,676,7350.0,48982,48785,197.0,48982
20212SantaFe,2021,2,Santa Fe,75.07,4670,8960,202018,204077,80452,75195,262124,15371.0,840600,840449,151.0,840600
20212SantiagoDelEstero,2021,2,Santiago Del Estero,46.56,1230,9090,32034,62224,10359,8110,6064,1566.0,114090,114089,1.0,114090
20212TierraDelFuego,2021,2,Tierra Del Fuego,67.89,170,0,21335,6913,458,4760,889,1483.0,35693,35404,289.0,35693
20212Tucumán,2021,2,Tucumán,54.93,320,970,40224,51648,23732,5022,109616,268.0,233051,233026,25.0,233051
20211BuenosAires,2021,1,Buenos Aires,69.11,36939,31187,1108368,24052,163747,222061,2246313,10867.0,4060002,4054936,5066.0,4060002
20211CapitalFederal,2021,1,Capital Federal,108.42,1350,2440,159662,76753,56457,83255,1003041,1260.0,1379673,1378283,1390.0,1379673
20211Catamarca,2021,1,Catamarca,48.9,710,0,7423,8455,10115,7120,22996,2196.0,51968,51967,1.0,51968
20211Chaco,2021,1,Chaco,43.14,3010,1120,24357,22102,27556,14496,42462,8384.0,139770,139767,3.0,139770
20211Chubut,2021,1,Chubut,68.99,1060,1090,86986,21401,15392,2844,1112,439.0,132340,131515,825.0,132340
20211Córdoba,2021,1,Córdoba,78.59,930,2386,211799,135092,74659,71984,402191,12677.0,910881,910826,55.0,910881
20211Corrientes,2021,1,Corrientes,42.66,670,5270,31544,26223,26169,9001,27641,5453.0,126625,126622,3.0,126625
20211EntreRíos,2021,1,Entre Ríos,60.44,1050,2911,67255,5606,42432,15774,54600,12826.0,251963,251950,13.0,251963
20211Formosa,2021,1,Formosa,32.73,560,0,22409,7569,7916,1215,9579,1942.0,50686,50686,0.0,50686
20211Jujuy,2021,1,Jujuy,55.63,490,1750,23735,17293,40649,5680,25609,2378.0,110456,110456,0.0,110456
20211LaPampa,2021,1,La Pampa,81.78,2980,5540,68200,7864,7611,2786,7368,2424.0,97105,96989,116.0,97105
20211LaRioja,2021,1,La Rioja,49.81,180,10,36749,5968,4604,2150,5074,-10.0,52628,52625,3.0,52628
20211Mendoza,2021,1,Mendoza,39.15,280,400,134386,11216,52533,4061,16615,440.0,218923,218308,615.0,218923
20211Misiones,2021,1,Misiones,43.17,510,5240,40949,25503,27101,1405,32953,8256.0,149387,149387,0.0,149387
20211Neuquén,2021,1,Neuquén,66.84,1160,3270,56171,8443,5903,5677,50840,5758.0,133235,132862,373.0,133235
20211RíoNegro,2021,1,Río Negro,60.88,1250,4660,70011,4187,13045,3642,29589,20103.0,141168,140667,501.0,141168
20211Salta,2021,1,Salta,53.93,1090,200,40785,68149,9164,8139,54889,6319.0,187574,187572,2.0,187574
20211SanJuan,2021,1,San Juan,39.06,250,1940,60439,8580,11494,3400,276,4641.0,78267,78011,256.0,78267
20211SanLuis,2021,1,San Luis,81.24,580,0,11889,2926,4429,62913,22,36917.0,119154,119006,148.0,119154
20211SantaCruz,2021,1,Santa Cruz,41.65,500,0,30655,8334,6987,1337,647,-1945.0,46065,45868,197.0,46065
20211SantaFe,2021,1,Santa Fe,73.92,5180,8910,201632,204458,91846,65476,236924,24382.0,826127,825990,137.0,826127
20211SantiagoDelEstero,2021,1,Santiago Del Estero,45.67,1230,9090,33884,58464,8549,7000,4868,4144.0,111641,111640,1.0,111641
20211TierraDelFuego,2021,1,Tierra Del Fuego,77.35,170,0,21379,1468,4317,4860,919,11836.0,40422,40133,289.0,40422
20211Tucumán,2021,1,Tucumán,54.82,290,970,42810,53416,25255,4188,103437,268.0,231912,231890,22.0,231912
20204BuenosAires,2020,4,Buenos Aires,68.98,36939,31197,1109865,242243,214171,213588,2176242,9016.0,4033261,4028195,5066.0,4033261
20204CapitalFederal,2020,4,Capital Federal,108.31,1350,2440,160210,78123,60208,80269,1000073,2680.0,1379530,1378140,1390.0,1379530
20204Catamarca,2020,4,Catamarca,49.41,710,0,8843,874,11436,5910,20406,2309.0,52396,52395,1.0,52396
20204Chaco,2020,4,Chaco,43.03,3010,1120,24782,22479,26802,15701,40949,7965.0,139091,139088,3.0,139091
20204Chubut,2020,4,Chubut,68.35,1060,1090,88157,21824,12046,2818,1112,4402.0,130574,129749,825.0,130574
20204Córdoba,2020,4,Córdoba,78.08,1190,2386,214963,135262,82221,70013,384169,13568.0,902701,902646,55.0,902701
20204Corrientes,2020,4,Corrientes,42.43,670,5270,31900,26321,25687,9383,26789,4985.0,125659,125656,3.0,125659
20204EntreRíos,2020,4,Entre Ríos,59.47,1050,2911,65659,53556,40755,166,53141,14654.0,247381,247368,13.0,247381
20204Formosa,2020,4,Formosa,32.49,560,0,23540,7606,7181,1197,8946,168.0,50206,50206,0.0,50206
20204Jujuy,2020,4,Jujuy,53.46,490,1820,23772,14379,4493,4460,19282,2811.0,105851,105851,0.0,105851
20204LaPampa,2020,4,La Pampa,81.77,2980,5540,70184,8124,6562,2396,6257,252.0,96895,96779,116.0,96895
20204LaRioja,2020,4,La Rioja,50.11,180,10,36906,606,4633,1810,4979,0.0,52778,52775,3.0,52778
20204Mendoza,2020,4,Mendoza,38.63,280,400,146312,11172,40396,3378,11557,257.0,215453,214838,615.0,215453
20204Misiones,2020,4,Misiones,42.64,510,5240,39988,26078,26445,1481,32264,7001.0,147161,147161,0.0,147161
20204Neuquén,2020,4,Neuquén,67.0,1160,3270,56434,8478,5791,5493,50776,572.0,133135,132762,373.0,133135
20204RíoNegro,2020,4,Río Negro,61.09,1250,4660,70305,4153,13131,3512,29372,20146.0,141210,140709,501.0,141210
20204Salta,2020,4,Salta,54.04,1090,5140,41443,68829,15188,8291,46697,6319.0,187390,187388,2.0,187390
20204SanJuan,2020,4,San Juan,36.32,250,1940,61316,7400,5126,3320,275,4588.0,72596,72340,256.0,72596
20204SanLuis,2020,4,San Luis,81.68,580,0,14020,349,2688,62239,22,36918.0,119435,119287,148.0,119435
20204SantaCruz,2020,4,Santa Cruz,37.0,470,0,27173,4382,6634,1033,647,7580.0,40674,40477,197.0,40674
20204SantaFe,2020,4,Santa Fe,73.58,5180,8910,206372,203793,94246,65145,226246,23602.0,820813,820676,137.0,820813
20204SantiagoDelEstero,2020,4,Santiago Del Estero,43.75,1230,9090,34518,5759,4666,4110,4520,3932.0,106669,106668,1.0,106669
20204TierraDelFuego,2020,4,Tierra Del Fuego,76.27,170,0,21881,6119,3497,4880,922,669.0,39614,39325,289.0,39614
20204Tucumán,2020,4,Tucumán,54.78,290,970,44095,54334,32155,4105,93594,268.0,231089,231067,22.0,231089
20203BuenosAires,2020,3,Buenos Aires,67.66,37542,31514,1113823,23471,219772,194248,2085815,19853.0,3937277,3932211,5066.0,3937277
20203CapitalFederal,2020,3,Capital Federal,107.68,2640,3120,162222,85083,68753,78028,977766,2470.0,1372675,1371285,1390.0,1372675
20203Catamarca,2020,3,Catamarca,47.16,630,0,8276,8768,11195,5620,18886,2154.0,49904,49903,1.0,49904
20203Chaco,2020,3,Chaco,41.54,3080,1120,24675,21639,27546,13751,38729,7194.0,133954,133951,3.0,133954
20203Chubut,2020,3,Chubut,68.34,1580,1090,87559,22114,12217,2818,1110,3942.0,130027,129202,825.0,130027
20203Córdoba,2020,3,Córdoba,75.22,1680,3064,218599,124833,84236,63823,361021,11728.0,867472,867417,55.0,867472
20203Corrientes,2020,3,Corrientes,41.75,720,5270,35190,23315,25308,8615,25344,502.0,123391,123388,3.0,123391
20203EntreRíos,2020,3,Entre Ríos,58.19,1300,2911,66648,51478,40797,14377,49395,15759.0,241495,241482,13.0,241495
20203Formosa,2020,3,Formosa,31.91,3910,1510,23163,7432,7125,9910,8219,1737.0,49209,49209,0.0,49209
20203Jujuy,2020,3,Jujuy,54.04,550,1820,32131,10566,45198,2930,15238,3065.0,106728,106728,0.0,106728
20203LaPampa,2020,3,La Pampa,79.26,2930,8100,66695,782,5577,2189,6322,4029.0,93735,93619,116.0,93735
20203LaRioja,2020,3,La Rioja,50.12,210,10,37105,5955,466,1240,4748,20.0,52616,52613,3.0,52616
20203Mendoza,2020,3,Mendoza,37.35,580,400,141404,12123,42433,3448,8237,450.0,207788,207173,615.0,207788
20203Misiones,2020,3,Misiones,41.6,710,5240,39005,24215,25942,13663,30987,8779.0,143186,143186,0.0,143186
20203Neuquén,2020,3,Neuquén,65.24,2180,3270,60463,6561,5975,5449,49439,8030.0,129235,128862,373.0,129235
20203RíoNegro,2020,3,Río Negro,57.05,1140,4660,68986,3769,7096,3455,28488,19093.0,131467,130966,501.0,131467
20203Salta,2020,3,Salta,52.32,1290,5140,32780,64736,1599,7928,43773,14996.0,180846,180844,2.0,180846
20203SanJuan,2020,3,San Juan,38.79,480,1940,65526,7110,6529,410,128,415.0,77327,77071,256.0,77327
20203SanLuis,2020,3,San Luis,79.96,1050,0,12199,3351,2666,61319,8,36917.0,116565,116417,148.0,116565
20203SantaCruz,2020,3,Santa Cruz,35.95,660,0,26888,4015,673,6290,120,8330.0,39281,39084,197.0,39281
20203SantaFe,2020,3,Santa Fe,72.12,5680,1241,213353,199381,92095,58797,210562,27001.0,802998,802861,137.0,802998
20203SantiagoDelEstero,2020,3,Santiago Del Estero,43.38,1330,9090,33287,57418,4658,2920,3994,4801.0,105492,105491,1.0,105492
20203TierraDelFuego,2020,3,Tierra Del Fuego,76.81,110,0,22094,5414,3726,4810,937,6992.0,39655,39366,289.0,39655
20203Tucumán,2020,3,Tucumán,53.23,520,970,45913,5461,33126,3246,84195,2637.0,223876,223854,22.0,223876
20202BuenosAires,2020,2,Buenos Aires,65.22,37542,31606,1129236,241336,233132,188995,1894466,21233.0,3777546,3772480,5066.0,3777546
20202CapitalFederal,2020,2,Capital Federal,106.41,2640,3120,166474,94585,79858,8016,935481,6870.0,1357821,1356431,1390.0,1357821
20202Catamarca,2020,2,Catamarca,45.43,630,0,8801,869,10242,4260,16578,3176.0,47976,47975,1.0,47976
20202Chaco,2020,2,Chaco,39.83,3080,9280,24350,2114,29044,12082,33311,6969.0,128132,128129,3.0,128132
20202Chubut,2020,2,Chubut,57.34,1580,1090,69578,22188,10537,1473,614,3999.0,108656,107831,825.0,108656
20202Córdoba,2020,2,Córdoba,72.71,1680,4383,219025,125932,8953,63216,325243,8971.0,836468,836413,55.0,836468
20202Corrientes,2020,2,Corrientes,40.3,720,5270,34242,22845,25844,7898,22418,502.0,118866,118863,3.0,118866
20202EntreRíos,2020,2,Entre Ríos,56.54,1300,3679,66758,5064,4209,12856,43391,14569.0,234113,234100,13.0,234113
20202Formosa,2020,2,Formosa,31.14,3910,1510,23534,7109,6998,9610,7475,1313.0,47932,47932,0.0,47932
20202Jujuy,2020,2,Jujuy,47.89,550,1820,30548,10519,26829,2090,9417,16557.0,94316,94316,0.0,94316
20202LaPampa,2020,2,La Pampa,76.1,2930,8100,71218,7531,38,1657,3377,1123.0,89809,89693,116.0,89809
20202LaRioja,2020,2,La Rioja,49.84,210,10,37375,5661,4686,730,4336,20.0,52155,52152,3.0,52155
20202Mendoza,2020,2,Mendoza,36.25,580,400,142253,12439,35274,3248,5422,245.0,201184,200569,615.0,201184
20202Misiones,2020,2,Misiones,40.89,710,5240,39867,23719,26445,12305,28763,8646.0,140340,140340,0.0,140340
20202Neuquén,2020,2,Neuquén,63.9,2180,3270,61171,6103,6625,5296,46432,0.0,126172,125799,373.0,126172
20202RíoNegro,2020,2,Río Negro,56.37,1140,4660,70817,3335,7498,3246,26953,17057.0,129486,128985,501.0,129486
20202Salta,2020,2,Salta,51.58,1290,5140,41801,64463,16989,7741,39594,6531.0,177762,177760,2.0,177762
20202SanJuan,2020,2,San Juan,35.09,480,1940,59113,9170,4908,400,127,443.0,69777,69521,256.0,69777
20202SanLuis,2020,2,San Luis,78.41,1050,0,11439,3585,1934,60889,8,35992.0,113952,113804,148.0,113952
20202SantaCruz,2020,2,Santa Cruz,35.79,660,0,26938,4166,6541,5460,119,4930.0,38869,38672,197.0,38869
20202SantaFe,2020,2,Santa Fe,70.0,5680,2061,213054,198772,96575,57236,189473,20193.0,777932,777795,137.0,777932
20202SantiagoDelEstero,2020,2,Santiago Del Estero,43.47,1330,1779,32557,57709,5178,2470,3328,4516.0,105447,105446,1.0,105447
20202TierraDelFuego,2020,2,Tierra Del Fuego,76.37,110,0,22325,5186,3034,3910,796,7446.0,39189,38900,289.0,39189
20202Tucumán,2020,2,Tucumán,51.78,520,970,49028,54537,34184,2246,74377,2635.0,217156,217134,22.0,217156
20201BuenosAires,2020,1,Buenos Aires,64.33,38215,36802,1122034,236421,247977,20578,1802583,28935.0,3718747,3702985,5066.0,3708051
20201CapitalFederal,2020,1,Capital Federal,105.98,2640,3120,169651,102254,89665,85899,906009,0.0,1354054,1352104,1390.0,1353494
20201Catamarca,2020,1,Catamarca,37.62,630,0,8838,7543,9558,4080,10299,2151.0,38860,39634,1.0,39635
20201Chaco,2020,1,Chaco,37.48,3080,9280,23291,19976,29851,10416,28539,6917.0,120226,120274,3.0,120277
20201Chubut,2020,1,Chubut,51.27,1580,1090,69586,12957,7756,124,614,45.0,96920,95938,800.0,96738
20201Córdoba,2020,1,Córdoba,70.69,1420,5128,217229,120188,95827,65733,296875,9802.0,810924,811044,55.0,811099
20201Corrientes,2020,1,Corrientes,38.73,720,5270,33479,21382,26679,7351,19467,478.0,113737,113967,3.0,113970
20201EntreRíos,2020,1,Entre Ríos,56.12,1300,4081,72280,47132,41125,11988,39794,13762.0,230292,231833,13.0,231846
20201Formosa,2020,1,Formosa,30.23,1127,3420,23761,65,6564,9640,6918,1000.0,46276,46434,0.0,46434
20201Jujuy,2020,1,Jujuy,46.67,550,1820,33120,9979,26693,1660,7349,16545.0,94089,91665,0.0,91665
20201LaPampa,2020,1,La Pampa,75.77,2930,8110,72740,7199,3029,1342,2113,1618.0,89145,89110,116.0,89226
20201LaRioja,2020,1,La Rioja,46.35,210,10,37209,5158,464,220,1294,0.0,48345,48337,3.0,48340
20201Mendoza,2020,1,Mendoza,33.14,580,400,140410,12285,17489,286,3818,0.0,176960,182837,615.0,183452
20201Misiones,2020,1,Misiones,39.02,710,5240,36622,21271,26433,11581,26313,10885.0,133700,133552,0.0,133552
20201Neuquén,2020,1,Neuquén,61.85,2180,3270,60152,5257,7123,5399,43738,0.0,122214,121354,373.0,121727
20201RíoNegro,2020,1,Río Negro,55.12,1140,4660,69154,293,7857,3199,25488,17719.0,126927,125699,501.0,126200
20201Salta,2020,1,Salta,49.6,1290,5140,38537,63714,17991,8625,34744,6441.0,170695,170379,2.0,170381
20201SanJuan,2020,1,San Juan,32.39,480,1940,59787,1594,1292,400,127,4779.0,67861,63975,256.0,64231
20201SanLuis,2020,1,San Luis,76.31,1050,0,11322,4164,5250,58258,5,36075.0,110454,110404,148.0,110552
20201SantaCruz,2020,1,Santa Cruz,35.97,670,110,27447,4993,5169,5290,119,0.0,38335,38625,197.0,38822
20201SantaFe,2020,1,Santa Fe,69.52,6960,2994,217553,196826,10456,48448,173823,17656.0,762556,770981,137.0,771118
20201SantiagoDelEstero,2020,1,Santiago Del Estero,42.47,1330,1779,33086,56884,3737,1350,2799,4501.0,103054,102754,1.0,102755
20201TierraDelFuego,2020,1,Tierra Del Fuego,76.07,110,10,22976,5024,1834,1960,518,7046.0,37606,38505,289.0,38794
20201Tucumán,2020,1,Tucumán,47.85,520,970,49555,50383,31096,173,67536,0.0,200449,200045,22.0,200067
20194BuenosAires,2019,4,Buenos Aires,64.25,33489,27537,1177446,262297,247106,45257,1465133,20676.0,3686254,3681120,5134.0,3686254
20194CapitalFederal,2019,4,Capital Federal,106.25,3070,150,177098,110218,110852,20581,753805,0.0,1358105,1356695,1410.0,1358105
20194Catamarca,2019,4,Catamarca,36.44,630,0,9945,7619,9305,8040,7477,3098.0,38311,38310,1.0,38311
20194Chaco,2019,4,Chaco,36.84,830,0,25899,18959,30902,13516,21556,6988.0,117903,117900,3.0,117903
20194Chubut,2019,4,Chubut,51.15,1580,40,69405,12945,7615,124,614,4121.0,96102,95292,810.0,96102
20194Córdoba,2019,4,Córdoba,70.48,1420,0,232781,118232,10933,114111,221742,1035.0,806688,806633,55.0,806688
20194Corrientes,2019,4,Corrientes,38.77,720,0,35055,2062,27367,9981,15744,4995.0,113834,113831,3.0,113834
20194EntreRíos,2019,4,Entre Ríos,57.99,470,0,88203,44511,42962,18976,30153,14178.0,239030,239017,13.0,239030
20194Formosa,2019,4,Formosa,30.47,1127,1910,24606,6319,6788,1766,5671,2430.0,46711,46711,0.0,46711
20194Jujuy,2019,4,Jujuy,45.38,550,0,32920,9632,26764,1020,5286,14122.0,88881,88881,0.0,88881
20194LaPampa,2019,4,La Pampa,76.92,2930,3130,76747,69,1951,1287,1342,1566.0,90399,90280,119.0,90399
20194LaRioja,2019,4,La Rioja,47.14,210,0,37846,5045,4763,220,1305,0.0,49002,48999,3.0,49002
20194Mendoza,2019,4,Mendoza,33.65,7460,90,145139,12955,15237,2165,2628,6901.0,185780,185157,623.0,185780
20194Misiones,2019,4,Misiones,39.79,710,0,39664,2084,27305,15626,20799,11508.0,135813,135813,0.0,135813
20194Neuquén,2019,4,Neuquén,59.36,2180,10,57370,4439,7357,12059,35001,0.0,116445,116069,376.0,116445
20194RíoNegro,2019,4,Río Negro,55.71,1140,0,71847,2797,8558,6968,19837,17019.0,127140,126636,504.0,127140
20194Salta,2019,4,Salta,50.35,1490,10,42159,67656,15369,1417,25821,712.0,172445,172443,2.0,172445
20194SanJuan,2019,4,San Juan,32.85,480,10,60626,1594,1292,400,127,1246.0,64974,64715,259.0,64974
20194SanLuis,2019,4,San Luis,74.92,1050,0,11901,4164,5250,55216,3,36287.0,108201,108053,148.0,108201
20194SantaCruz,2019,4,Santa Cruz,36.71,670,0,32368,4346,2224,70,8,3500.0,39370,39170,200.0,39370
20194SantaFe,2019,4,Santa Fe,69.48,6980,0,230234,190664,113527,70998,135576,27472.0,769169,769019,150.0,769169
20194SantiagoDelEstero,2019,4,Santiago Del Estero,42.92,1330,9080,34911,56309,3756,1050,2449,5017.0,103588,103587,1.0,103588
20194TierraDelFuego,2019,4,Tierra Del Fuego,79.7,110,0,23593,505,1848,1390,1962,7789.0,40392,40101,291.0,40392
20194Tucumán,2019,4,Tucumán,47.65,550,0,54544,52017,28916,6405,56707,0.0,198644,198621,23.0,198644
20193BuenosAires,2019,3,Buenos Aires,69.36,23892,44648,1432722,222812,260506,483572,1246209,42294.0,3971683,3950114,10119.0,3960233
20193CapitalFederal,2019,3,Capital Federal,112.65,1040,3680,269704,120924,138011,258591,655108,0.0,1442810,1437734,3477.0,1441211
20193Catamarca,2019,3,Catamarca,30.88,340,430,14449,9285,6333,720,15,2151.0,32382,32391,9.0,32400
20193Chaco,2019,3,Chaco,35.85,690,1216,32764,28198,13336,12987,16740,6917.0,112227,114438,13.0,114451
20193Chubut,2019,3,Chubut,47.57,740,8400,62680,13033,7171,124,614,45.0,90152,87481,1524.0,89005
20193Córdoba,2019,3,Córdoba,68.59,830,5824,240151,106651,118486,146247,157546,7353.0,782341,782946,107.0,783053
20193Corrientes,2019,3,Corrientes,38.49,100,5970,42231,29628,10348,10388,12674,478.0,110656,112749,10.0,112759
20193EntreRíos,2019,3,Entre Ríos,57.9,190,4446,99656,56161,17064,21216,22645,15107.0,236314,238057,45.0,238102
20193Formosa,2019,3,Formosa,30.11,111,3490,24943,6049,7117,2262,4443,1000.0,46373,46066,0.0,46066
20193Jujuy,2019,3,Jujuy,44.32,270,8850,31722,924,26835,560,3671,16545.0,88981,86575,1.0,86576
20193LaPampa,2019,3,La Pampa,77.45,2370,3289,75849,5922,1611,1359,941,1618.0,90826,90559,269.0,90828
20193LaRioja,2019,3,La Rioja,47.94,90,100,38657,4786,4887,220,1307,0.0,49678,49659,18.0,49677
20193Mendoza,2019,3,Mendoza,40.74,210,1269,206821,2958,10093,1263,349,0.0,222774,223015,1322.0,224337
20193Misiones,2019,3,Misiones,39.33,470,1928,43530,29375,11256,16107,16650,12206.0,131099,133883,0.0,133883
20193Neuquén,2019,3,Neuquén,64.14,450,2258,62909,4586,9597,16923,28458,1220.0,124898,123435,1986.0,125421
20193RíoNegro,2019,3,Río Negro,63.42,470,1234,87435,2348,9779,10176,15505,17719.0,144243,143391,904.0,144295
20193Salta,2019,3,Salta,44.48,490,9000,43160,6223,14309,11418,12357,7515.0,151938,151834,1.0,151835
20193SanJuan,2019,3,San Juan,37.06,220,1710,68315,2245,1267,410,128,4779.0,76968,72535,563.0,73098
20193SanLuis,2019,3,San Luis,85.23,570,1000,18643,5113,4670,62242,5,36075.0,122702,122409,291.0,122700
20193SantaCruz,2019,3,Santa Cruz,35.63,280,840,31612,4472,1203,270,4,0.0,37430,37642,328.0,37970
20193SantaFe,2019,3,Santa Fe,68.87,6400,8184,242454,193286,107068,84325,97082,19537.0,752576,760706,228.0,760934
20193SantiagoDelEstero,2019,3,Santiago Del Estero,55.3,390,1832,35554,55172,3612,860,1836,34501.0,132632,133130,2.0,133132
20193TierraDelFuego,2019,3,Tierra Del Fuego,96.46,60,140,32133,4692,1756,820,226,9648.0,48557,48043,544.0,48587
20193Tucumán,2019,3,Tucumán,39.49,160,1100,71043,47693,24354,8430,20385,0.0,164444,164099,32.0,164131
20192BuenosAires,2019,2,Buenos Aires,67.85,199768,46852,1436259,217785,438663,502275,985767,43438.0,3870807,3845594,10104.0,3855698
20192CapitalFederal,2019,2,Capital Federal,110.55,740,1027,281370,124087,239691,296155,475991,4933.455635491607,1418395,1412177,3443.0,1415620
20192Catamarca,2019,2,Catamarca,32.13,340,430,16631,867,6049,340,10,2151.0,33622,33626,9.0,33635
20192Chaco,2019,2,Chaco,34.14,690,1383,38488,26431,16789,15348,9904,1492.0,109904,108721,13.0,108734
20192Chubut,2019,2,Chubut,46.99,660,3952,69032,10049,1495,740,165,45.0,89333,86038,1518.0,87556
20192Córdoba,2019,2,Córdoba,68.07,810,8165,248427,100512,157458,170159,76053,8938.0,769793,775023,105.0,775128
20192Corrientes,2019,2,Corrientes,38.16,100,3012,40424,27774,13114,11928,7119,608.0,109461,111539,10.0,111549
20192EntreRíos,2019,2,Entre Ríos,57.48,180,5905,100687,52316,23196,24221,10664,17206.0,234213,235780,44.0,235824
20192Formosa,2019,2,Formosa,30.42,111,3490,26512,5399,8384,2639,2258,1000.0,46751,46438,0.0,46438
20192Jujuy,2019,2,Jujuy,44.51,270,9400,26233,8441,267,270,2600,21765.0,86733,86706,1.0,86707
20192LaPampa,2019,2,La Pampa,77.08,2360,3289,75406,5191,1366,1445,629,2661.0,90223,89937,268.0,90205
20192LaRioja,2019,2,La Rioja,48.7,90,110,39819,4297,4857,130,1298,4933.455635491607,50304,50283,18.0,50301
20192Mendoza,2019,2,Mendoza,40.75,200,2522,205165,2971,10092,1256,234,4933.455635491607,222260,222535,1322.0,223857
20192Misiones,2019,2,Misiones,39.15,470,2226,45769,27385,15408,18882,8129,12206.0,130052,132878,0.0,132878
20192Neuquén,2019,2,Neuquén,63.08,3020,3038,61776,4688,17318,2121,14132,4220.0,122886,120954,1999.0,122953
20192RíoNegro,2019,2,Río Negro,61.09,3840,1354,86366,2201,10291,12407,6907,18519.0,138429,137632,915.0,138547
20192Salta,2019,2,Salta,41.89,490,9740,59638,36923,16961,14059,6461,7585.0,142650,142567,1.0,142568
20192SanJuan,2019,2,San Juan,35.6,220,2130,60913,2177,7850,70,4,6119.0,70240,69461,564.0,70025
20192SanLuis,2019,2,San Luis,81.79,570,1020,16575,4964,4670,57236,5,37977.0,117383,117094,291.0,117385
20192SantaCruz,2019,2,Santa Cruz,28.85,250,840,24861,3806,1202,280,4,4933.455635491607,30010,30225,325.0,30550
20192SantaFe,2019,2,Santa Fe,67.42,3210,8427,300124,125176,129741,100131,49865,22323.0,736108,743258,226.0,743484
20192SantiagoDelEstero,2019,2,Santiago Del Estero,52.79,390,1832,63268,21362,3741,1080,1205,34501.0,126056,126752,2.0,126754
20192TierraDelFuego,2019,2,Tierra Del Fuego,94.8,60,1230,41824,4241,1573,960,32,4933.455635491607,47895,46910,544.0,47454
20192Tucumán,2019,2,Tucumán,40.14,160,1570,78891,44296,24291,6280,18394,4933.455635491607,166673,166299,32.0,166331
20191BuenosAires,2019,1,Buenos Aires,66.24,162513,72296,1429964,202511,576428,576859,705769,6369.0,3732709,3736563,10104.0,3746667
20191CapitalFederal,2019,1,Capital Federal,109.2,740,7417,283787,131007,330122,365713,283463,0.0,1401583,1396157,3443.0,1399600
20191Catamarca,2019,1,Catamarca,32.19,340,1708,18761,6443,5606,290,7,2151.0,34739,33613,9.0,33622
20191Chaco,2019,1,Chaco,32.64,690,3801,38719,25632,18965,12393,6368,1035.0,106982,103664,13.0,103677
20191Chubut,2019,1,Chubut,43.0,660,3938,71077,6571,7870,740,165,0.0,82678,78260,1518.0,79778
20191Córdoba,2019,1,Córdoba,65.52,810,20403,242769,96997,200681,127965,50716,6806.0,746418,744010,105.0,744115
20191Corrientes,2019,1,Corrientes,35.13,100,647,38402,26562,15498,9688,5029,0.0,101659,102477,10.0,102487
20191EntreRíos,2019,1,Entre Ríos,56.79,180,9217,107013,50068,28957,18146,7619,12142.0,233180,232403,44.0,232447
20191Formosa,2019,1,Formosa,29.68,111,3023,23085,5301,9027,2099,1654,0.0,45299,45211,0.0,45211
20191Jujuy,2019,1,Jujuy,46.41,270,2817,30727,7811,4021,300,1141,37162.0,83736,90146,1.0,90147
20191LaPampa,2019,1,La Pampa,76.35,2360,8327,70538,4466,1061,1354,405,6980.0,87085,88892,268.0,89160
20191LaRioja,2019,1,La Rioja,50.18,90,1169,40285,4088,5216,170,869,0.0,51653,51638,18.0,51656
20191Mendoza,2019,1,Mendoza,37.66,200,1786,205383,2837,5702,1110,140,0.0,215979,204976,1322.0,206298
20191Misiones,2019,1,Misiones,36.26,470,5946,45266,2589,19111,16552,5167,7654.0,125633,122720,0.0,122720
20191Neuquén,2019,1,Neuquén,58.88,1328,3055,52360,1781,21452,17135,11026,6105.0,114242,112321,2056.0,114377
20191RíoNegro,2019,1,Río Negro,53.57,3840,1583,84845,2037,13615,9567,5076,3719.0,120826,120173,915.0,121088
20191Salta,2019,1,Salta,40.1,490,4232,59244,36473,2291,10861,2242,10.0,136012,136019,1.0,136020
20191SanJuan,2019,1,San Juan,31.83,220,2290,62380,2660,5200,30,2,5600.0,63982,61881,564.0,62445
20191SanLuis,2019,1,San Luis,67.34,570,1200,21380,53214,3450,60,2,23577.0,98701,96044,291.0,96335
20191SantaCruz,2019,1,Santa Cruz,23.67,250,1280,21990,2731,7020,260,4,0.0,25606,24580,325.0,24905
20191SantaFe,2019,1,Santa Fe,66.97,3330,2935,296798,122959,153212,74575,36502,18591.0,732320,736851,227.0,737078
20191SantiagoDelEstero,2019,1,Santiago Del Estero,37.52,390,3372,62895,20691,3959,850,494,0.0,91535,89851,2.0,89853
20191TierraDelFuego,2019,1,Tierra Del Fuego,93.38,60,1310,38851,3623,6410,800,29,0.0,43361,45903,544.0,46447
20191Tucumán,2019,1,Tucumán,41.63,160,5188,82240,42877,2621,8470,14839,0.0,172217,171970,32.0,172002
20184BuenosAires,2018,4,Buenos Aires,64.6,134673,73761,1422463,194426,577679,949093,265386,19125.0,3636606,3626502,10104.0,3636606
20184CapitalFederal,2018,4,Capital Federal,108.27,740,7388,283281,143309,330496,437662,186810,0.0,1389020,1385577,3443.0,1389020
20184Catamarca,2018,4,Catamarca,32.23,340,1669,17955,6425,5461,290,7,2003.0,33583,33574,9.0,33583
20184Chaco,2018,4,Chaco,32.59,690,3405,36437,25633,18965,12393,6368,0.0,103270,103257,13.0,103270
20184Chubut,2018,4,Chubut,42.61,660,3917,66061,6215,5310,6230,165,1144.0,78722,77204,1518.0,78722
20184Córdoba,2018,4,Córdoba,65.09,810,24102,228475,97277,201639,128053,48809,8903.0,737339,737234,105.0,737339
20184Corrientes,2018,4,Corrientes,34.57,100,6438,37376,26562,15498,9688,5029,0.0,100601,100591,10.0,100601
20184EntreRíos,2018,4,Entre Ríos,54.37,180,8769,94780,50027,29002,18146,7612,13693.0,222047,222003,44.0,222047
20184Formosa,2018,4,Formosa,29.74,111,3074,22962,5285,9027,2092,1654,0.0,45204,45204,0.0,45204
20184Jujuy,2018,4,Jujuy,46.53,270,2803,30727,7811,4021,300,1141,43573.0,90133,90132,1.0,90133
20184LaPampa,2018,4,La Pampa,73.49,2410,7727,70508,3661,9780,1328,270,9230.0,85636,85368,268.0,85636
20184LaRioja,2018,4,La Rioja,50.35,90,1164,40285,4088,5216,170,869,30.0,51651,51633,18.0,51651
20184Mendoza,2018,4,Mendoza,37.76,200,1463,197450,2494,4726,190,132,0.0,206304,204982,1322.0,206304
20184Misiones,2018,4,Misiones,34.45,470,5981,43267,26019,19226,16566,5167,0.0,116273,116273,0.0,116273
20184Neuquén,2018,4,Neuquén,59.07,1328,3044,52313,1781,21452,17135,11025,6287.0,114365,112309,2056.0,114365
20184RíoNegro,2018,4,Río Negro,51.86,3840,1225,83412,6430,1344,9569,5070,3094.0,116837,115922,915.0,116837
20184Salta,2018,4,Salta,39.8,490,3659,58492,36365,2291,10861,2242,0.0,134578,134577,1.0,134578
20184SanJuan,2018,4,San Juan,31.9,220,1465,59811,1800,3120,10,1,6060.0,62398,61834,564.0,62398
20184SanLuis,2018,4,San Luis,67.55,570,1090,19164,53183,1190,620,2,23635.0,96331,96040,291.0,96331
20184SantaCruz,2018,4,Santa Cruz,23.69,250,1150,23107,7790,2060,10,4,5310.0,24768,24443,325.0,24768
20184SantaFe,2018,4,Santa Fe,65.59,3350,31397,276301,121009,152039,74432,36427,2845.0,720390,720161,229.0,720390
20184SantiagoDelEstero,2018,4,Santiago Del Estero,37.4,390,325,61347,20127,3686,770,483,3260.0,89335,89333,2.0,89335
20184TierraDelFuego,2018,4,Tierra Del Fuego,93.59,60,270,29919,6323,9894,240,67,0.0,46260,45716,544.0,46260
20184Tucumán,2018,4,Tucumán,41.76,160,5244,82089,42766,26111,8470,14839,920.0,172004,171972,32.0,172004
20183BuenosAires,2018,3,Buenos Aires,64.44,9910,80459,1445733,190805,63609,897964,237248,120464.0,3609754,3599714,10563.0,3610277
20183CapitalFederal,2018,3,Capital Federal,108.45,730,8493,287919,147253,370677,41502,165055,0.0,1394490,1385804,6686.0,1392490
20183Catamarca,2018,3,Catamarca,32.92,340,1994,18475,6358,532,340,7,2151.0,34373,34215,11.0,34226
20183Chaco,2018,3,Chaco,32.28,700,3503,38729,24916,20335,11085,5667,1035.0,105340,102021,12.0,102033
20183Chubut,2018,3,Chubut,56.39,670,3951,91096,6162,5310,6230,164,0.0,102594,101310,2426.0,103736
20183Córdoba,2018,3,Córdoba,64.24,810,24767,224471,96372,221984,109333,39854,649.0,723352,725764,94.0,725858
20183Corrientes,2018,3,Corrientes,34.25,110,6754,38364,24953,16601,8357,4419,0.0,99459,99445,11.0,99456
20183EntreRíos,2018,3,Entre Ríos,50.22,180,9048,96095,45651,31353,15111,6786,0.0,204062,204560,48.0,204608
20183Formosa,2018,3,Formosa,29.58,111,3365,22624,5259,9336,1729,1434,0.0,44857,44865,0.0,44865
20183Jujuy,2018,3,Jujuy,23.26,3450,302,29048,7756,4066,390,623,0.0,44897,44934,1.0,44935
20183LaPampa,2018,3,La Pampa,71.75,2420,8417,68507,3153,9200,1189,216,6980.0,83342,83180,244.0,83424
20183LaRioja,2018,3,La Rioja,50.73,90,1291,40647,4138,5425,200,339,0.0,51869,51855,17.0,51872
20183Mendoza,2018,3,Mendoza,37.99,200,1525,199297,2476,4727,270,129,0.0,208201,205545,1484.0,207029
20183Misiones,2018,3,Misiones,32.1,480,5749,39617,24747,21212,14674,4547,0.0,110594,108042,0.0,108042
20183Neuquén,2018,3,Neuquén,60.49,1396,2244,55822,1647,23785,15218,9718,6105.0,115935,114713,2005.0,116718
20183RíoNegro,2018,3,Río Negro,50.54,4090,5221,75929,5120,14912,847,4332,3719.0,113504,112433,1059.0,113492
20183Salta,2018,3,Salta,39.43,1160,3721,61795,32782,25582,9224,502,0.0,133722,132882,1.0,132883
20183SanJuan,2018,3,San Juan,33.05,220,1326,62525,1800,3120,30,1,0.0,64369,63823,658.0,64481
20183SanLuis,2018,3,San Luis,52.35,570,1090,19170,5294,1190,630,2,1902.0,74362,74121,300.0,74421
20183SantaCruz,2018,3,Santa Cruz,32.73,260,1160,32815,7780,2060,10,3,0.0,33945,33565,434.0,33999
20183SantaFe,2018,3,Santa Fe,63.41,4670,36786,269211,115907,162545,62479,31266,13911.0,692572,694883,217.0,695100
20183SantiagoDelEstero,2018,3,Santiago Del Estero,36.25,410,255,60260,19116,3806,640,265,0.0,86102,86358,2.0,86360
20183TierraDelFuego,2018,3,Tierra Del Fuego,92.77,60,1870,41569,227,2310,240,13,0.0,44300,45056,508.0,45564
20183Tucumán,2018,3,Tucumán,41.68,160,5993,81559,43282,27062,9410,12187,0.0,171040,171135,31.0,171166
20182BuenosAires,2018,2,Buenos Aires,62.78,1009,81354,1459443,295457,816056,536049,199589,113357.0,3502314,3490134,10565.0,3500699
20182CapitalFederal,2018,2,Capital Federal,106.53,730,9234,290291,219166,445345,264805,142253,0.0,1371167,1362498,6688.0,1369186
20182Catamarca,2018,2,Catamarca,32.86,340,2414,14624,6112,4347,360,6,65.0,34073,34078,11.0,34089
20182Chaco,2018,2,Chaco,31.25,700,2968,34167,24282,21887,9251,4630,1035.0,98290,98509,12.0,98521
20182Chubut,2018,2,Chubut,54.9,670,4471,85598,5369,40,50,9,501.0,100533,98137,2427.0,100564
20182Córdoba,2018,2,Córdoba,63.27,810,21779,219630,102596,244291,78852,34950,811.0,710289,712979,94.0,713073
20182Corrientes,2018,2,Corrientes,33.81,110,7047,38268,24066,17926,678,3862,0.0,97960,97946,11.0,97957
20182EntreRíos,2018,2,Entre Ríos,49.2,180,8179,94459,4457,34281,12012,5920,0.0,199439,199937,48.0,199985
20182Formosa,2018,2,Formosa,29.43,111,3568,22409,5176,9727,1313,1243,0.0,44546,44554,,44554
20182Jujuy,2018,2,Jujuy,23.43,3450,332,29319,8083,3977,440,7,0.0,45095,45132,1.0,45133
20182LaPampa,2018,2,La Pampa,71.04,2440,8797,68083,2409,9650,9690,179,6980.0,82344,82177,244.0,82421
20182LaRioja,2018,2,La Rioja,50.98,90,1384,40679,4198,564,200,15,0.0,51945,51931,17.0,51948
20182Mendoza,2018,2,Mendoza,36.97,200,1658,164596,5150,2660,170,72,33788.0,200932,199468,1484.0,200952
20182Misiones,2018,2,Misiones,31.63,480,6092,39489,23569,23747,11888,3866,0.0,108699,106147,,106147
20182Neuquén,2018,2,Neuquén,60.24,1396,2408,56035,1314,26417,12442,8551,6105.0,114668,113842,2006.0,115848
20182RíoNegro,2018,2,Río Negro,50.15,4090,5298,75056,5230,1648,6663,3725,3975.0,112129,111176,1059.0,112235
20182Salta,2018,2,Salta,39.94,1160,399,61763,33285,28431,7239,182,0.0,135006,134166,1.0,134167
20182SanJuan,2018,2,San Juan,32.95,220,1378,57591,110,0,30,0,5068.0,64073,63443,658.0,64101
20182SanLuis,2018,2,San Luis,15.15,570,1010,11992,110,0,70,2,9284.0,21454,21168,300.0,21468
20182SantaCruz,2018,2,Santa Cruz,33.33,260,1200,28600,6550,1000,10,3,4267.0,33772,33970,435.0,34405
20182SantaFe,2018,2,Santa Fe,62.57,7440,34267,262603,112143,17554,50525,26512,22257.0,684591,684243,309.0,684552
20182SantiagoDelEstero,2018,2,Santiago Del Estero,35.26,410,2717,41362,18721,3278,310,31,17589.0,83770,83773,2.0,83775
20182TierraDelFuego,2018,2,Tierra Del Fuego,91.61,60,1880,40912,2217,750,0,0,1070.0,43505,44199,508.0,44707
20182Tucumán,2018,2,Tucumán,41.51,160,6735,79899,44968,27059,1084,8784,1305.0,169850,169926,31.0,169957
20181BuenosAires,2018,1,Buenos Aires,62.63,1514,74766,1445752,292732,886678,480237,184203,105818.0,3471700,3464882,10564.0,3475446
20181CapitalFederal,2018,1,Capital Federal,106.24,890,10039,292566,222737,487826,227953,127384,0.0,1368594,1359882,6688.0,1366570
20181Catamarca,2018,1,Catamarca,32.79,340,2896,14770,6145,3539,410,4,65.0,33929,33934,11.0,33945
20181Chaco,2018,1,Chaco,30.83,700,3261,32516,24488,23296,8219,3897,1035.0,96782,96925,12.0,96937
20181Chubut,2018,1,Chubut,53.72,670,4314,83161,5358,40,50,9,501.0,97928,95532,2427.0,97959
20181Córdoba,2018,1,Córdoba,63.52,2810,23922,222815,1043,266259,57137,29228,10049.0,713991,713825,101.0,713926
20181Corrientes,2018,1,Corrientes,32.66,110,5005,37152,24038,19068,589,3256,0.0,94420,94406,11.0,94417
20181EntreRíos,2018,1,Entre Ríos,48.68,180,8861,90080,45599,37401,9818,5071,0.0,196848,197346,48.0,197394
20181Formosa,2018,1,Formosa,21.4,111,3803,10092,5117,10061,1091,1046,0.0,32320,32328,0.0,32328
20181Jujuy,2018,1,Jujuy,23.12,3450,4807,27219,8044,3925,490,4,0.0,44393,44405,1.0,44406
20181LaPampa,2018,1,La Pampa,71.75,2450,8119,67104,1616,1076,6140,98,3503.0,82375,82668,396.0,83064
20181LaRioja,2018,1,La Rioja,51.44,90,1485,40680,4217,5831,190,1,0.0,52242,52228,17.0,52245
20181Mendoza,2018,1,Mendoza,37.07,200,1662,164599,5010,2660,190,72,33788.0,200927,199463,1484.0,200947
20181Misiones,2018,1,Misiones,30.96,480,47,35820,23291,26223,10241,3219,0.0,103542,103580,0.0,103580
20181Neuquén,2018,1,Neuquén,61.52,1396,2367,59468,1311,29012,9709,7378,6105.0,116746,115897,2006.0,117903
20181RíoNegro,2018,1,Río Negro,49.82,4090,5333,74894,5300,17997,4972,3129,3975.0,111239,110057,1062.0,111119
20181Salta,2018,1,Salta,39.78,1160,4459,60334,33088,30771,5145,88,0.0,134001,133182,1.0,133183
20181SanJuan,2018,1,San Juan,32.61,220,1058,57078,110,0,30,0,5068.0,63240,62610,658.0,63268
20181SanLuis,2018,1,San Luis,15.15,570,1010,11920,110,0,70,2,9284.0,21382,21096,300.0,21396
20181SantaCruz,2018,1,Santa Cruz,33.55,260,1200,28600,6550,1000,10,3,4267.0,33772,33970,435.0,34405
20181SantaFe,2018,1,Santa Fe,62.28,1359,33639,262008,108576,1889,39589,22801,23181.0,680053,679717,309.0,680026
20181SantiagoDelEstero,2018,1,Santiago Del Estero,34.99,410,291,41298,18914,3449,330,2,17589.0,84236,82916,2.0,82918
20181TierraDelFuego,2018,1,Tierra Del Fuego,65.2,60,3070,33987,20,0,0,0,1070.0,34409,31106,508.0,31614
20181Tucumán,2018,1,Tucumán,41.18,160,7472,78811,45675,26405,1218,7082,1305.0,167984,168026,31.0,168057
20174BuenosAires,2017,4,Buenos Aires,57.61,3865,55046,1551194,264645,712513,33514,151747,114182.0,3188332,3171206,10690.0,3181896
20174CapitalFederal,2017,4,Capital Federal,122.9,3140,31411,517018,28404,45812,178396,114939,0.0,1584238,1575418,6906.0,1582324
20174Catamarca,2017,4,Catamarca,28.62,340,3182,15315,5904,2927,430,2,2151.0,29558,29548,10.0,29558
20174Chaco,2017,4,Chaco,30.81,700,3432,37144,24088,20123,729,3289,1035.0,96471,96603,12.0,96615
20174Chubut,2017,4,Chubut,51.46,670,4313,83676,5355,70,50,9,0.0,93432,91012,2428.0,93440
20174Córdoba,2017,4,Córdoba,63.33,2910,25411,280837,102892,217602,40898,24251,8429.0,700611,709874,105.0,709979
20174Corrientes,2017,4,Corrientes,32.52,110,522,41080,23686,16046,5053,2675,0.0,93771,93760,11.0,93771
20174EntreRíos,2017,4,Entre Ríos,47.89,1685,9078,95466,45189,3001,7958,4113,0.0,193499,193654,49.0,193703
20174Formosa,2017,4,Formosa,21.27,111,4061,13220,4867,6996,9770,824,0.0,32055,32056,0.0,32056
20174Jujuy,2017,4,Jujuy,22.74,3450,5364,26566,7721,3507,440,3,0.0,43550,43551,1.0,43552
20174LaPampa,2017,4,La Pampa,71.05,3100,8729,66053,1227,7920,3910,81,3503.0,81086,81675,396.0,82071
20174LaRioja,2017,4,La Rioja,51.57,90,1488,40777,4083,5813,220,3,0.0,52195,52177,17.0,52194
20174Mendoza,2017,4,Mendoza,33.33,260,1656,177646,4380,2780,290,81,0.0,180154,178661,1490.0,180151
20174Misiones,2017,4,Misiones,31.14,1053,39,41723,23131,22262,9091,2735,0.0,103895,103895,0.0,103895
20174Neuquén,2017,4,Neuquén,61.24,1396,2372,68036,1325,22781,7528,6300,6105.0,115843,114965,2006.0,116971
20174RíoNegro,2017,4,Río Negro,49.38,4090,5598,81078,4850,12502,3447,2440,3719.0,109678,108702,1062.0,109764
20174Salta,2017,4,Salta,39.8,6360,4275,73284,32842,18968,3559,84,0.0,133648,132811,1.0,132812
20174SanJuan,2017,4,San Juan,30.3,220,1062,57525,90,0,20,2,0.0,58622,57965,659.0,58624
20174SanLuis,2017,4,San Luis,10.59,590,1010,12822,80,0,10,7,1902.0,14900,14604,300.0,14904
20174SantaCruz,2017,4,Santa Cruz,28.91,680,780,29073,6550,1000,10,3,0.0,29978,29018,434.0,29452
20174SantaFe,2017,4,Santa Fe,61.71,3109,34132,309998,108939,151329,30736,19602,14119.0,671964,672137,323.0,672460
20174SantiagoDelEstero,2017,4,Santiago Del Estero,29.13,410,3091,43544,18773,3359,320,2,0.0,68842,68842,2.0,68844
20174TierraDelFuego,2017,4,Tierra Del Fuego,59.89,60,3100,31334,20,0,0,0,0.0,31652,28346,508.0,28854
20174Tucumán,2017,4,Tucumán,39.9,1050,8164,78750,45241,24318,1303,4367,0.0,162248,162298,34.0,162332
20173BuenosAires,2017,3,Buenos Aires,55.63,6577,51411,1733479,311652,676137,140812,108400,0.0,3028468,3046758,11202.0,3057960
20173CapitalFederal,2017,3,Capital Federal,121.86,2830,33924,590689,311411,4263,120675,91917,0.0,1575199,1563289,7070.0,1570359
20173Catamarca,2017,3,Catamarca,32.49,520,3204,15383,5758,2563,500,1,0.0,27011,33467,11.0,33478
20173Chaco,2017,3,Chaco,29.98,950,3496,40059,23008,20307,3827,2004,0.0,92796,93747,12.0,93759
20173Chubut,2017,3,Chubut,46.22,4360,3989,71843,2336,30,0,0,0.0,78607,81067,2477.0,83544
20173Córdoba,2017,3,Córdoba,62.31,3270,26154,309161,100113,189302,38131,16741,0.0,679929,696536,108.0,696644
20173Corrientes,2017,3,Corrientes,32.17,240,5629,44305,22785,15576,2635,1607,0.0,92561,92536,12.0,92548
20173EntreRíos,2017,3,Entre Ríos,45.96,1691,7545,98032,42947,29011,3878,2397,0.0,185501,185414,50.0,185464
20173Formosa,2017,3,Formosa,21.35,1063,3716,13752,5187,6056,8990,459,0.0,31132,32105,0.0,32105
20173Jujuy,2017,3,Jujuy,22.65,3370,5723,26835,7369,2962,410,2,0.0,43269,43241,1.0,43242
20173LaPampa,2017,3,La Pampa,69.14,3430,8244,64794,8550,5880,3270,51,0.0,75202,79280,410.0,79690
20173LaRioja,2017,3,La Rioja,51.47,160,1497,40882,3899,5604,230,3,0.0,51924,51896,17.0,51913
20173Mendoza,2017,3,Mendoza,35.7,320,950,158461,1150,670,290,19,0.0,158818,190958,1533.0,192491
20173Misiones,2017,3,Misiones,30.21,1058,4123,42900,22808,23913,3843,1881,0.0,100526,100476,0.0,100476
20173Neuquén,2017,3,Neuquén,60.83,2036,1457,72532,1034,20213,7067,4937,0.0,109276,113755,2029.0,115784
20173RíoNegro,2017,3,Río Negro,48.52,4220,5641,83900,3060,10116,2965,1659,0.0,105009,106393,1103.0,107496
20173Salta,2017,3,Salta,39.84,6450,4494,78830,32433,1462,2315,63,0.0,133400,132517,1.0,132518
20173SanJuan,2017,3,San Juan,32.37,310,1077,57582,10,0,20,2,0.0,58695,61789,660.0,62449
20173SanLuis,2017,3,San Luis,15.48,630,30,12325,70,0,10,7,0.0,12406,21408,311.0,21719
20173SantaCruz,2017,3,Santa Cruz,33.29,1880,230,29102,5420,660,330,1,0.0,29955,33222,468.0,33690
20173SantaFe,2017,3,Santa Fe,60.91,3116,34019,320017,104453,125339,24536,12982,0.0,624462,662086,256.0,662342
20173SantiagoDelEstero,2017,3,Santiago Del Estero,35.12,690,3288,40435,18489,3047,300,2,0.0,65360,82792,2.0,82794
20173TierraDelFuego,2017,3,Tierra Del Fuego,65.74,90,2970,33858,0,0,0,0,0.0,34164,30883,583.0,31466
20173Tucumán,2017,3,Tucumán,39.7,1090,8948,83070,45302,20514,1361,655,0.0,159959,160979,33.0,161012
20172BuenosAires,2017,2,Buenos Aires,56.27,7548,47472,1910156,299009,573298,93059,46178,0.0,2976720,3067430,11201.0,3078631
20172CapitalFederal,2017,2,Capital Federal,124.06,5560,35663,726223,30497,378571,80234,37977,0.0,1564194,1592175,8016.0,1600191
20172Catamarca,2017,2,Catamarca,25.98,150,3318,15655,5325,2342,470,1,0.0,26703,26692,13.0,26705
20172Chaco,2017,2,Chaco,29.05,1910,3733,42590,22349,18044,3157,545,0.0,90609,90597,14.0,90611
20172Chubut,2017,2,Chubut,35.55,4030,4186,73760,188,0,0,0,0.0,80229,62245,1730.0,63975
20172Córdoba,2017,2,Córdoba,58.97,2510,26862,370865,88479,146683,20351,5069,0.0,658560,657505,133.0,657638
20172Corrientes,2017,2,Corrientes,31.39,150,5912,46483,21776,13043,2218,647,0.0,90094,90085,12.0,90097
20172EntreRíos,2017,2,Entre Ríos,45.39,168,7944,104422,418,23524,2604,823,0.0,182797,182675,57.0,182732
20172Formosa,2017,2,Formosa,19.97,1486,3419,14787,4795,4583,7490,139,0.0,29958,29956,0.0,29956
20172Jujuy,2017,2,Jujuy,22.4,3110,5877,26915,6974,2538,420,1,0.0,42658,42656,1.0,42657
20172LaPampa,2017,2,La Pampa,63.49,3560,8633,59045,5580,3360,2440,21,0.0,69193,72573,449.0,73022
20172LaRioja,2017,2,La Rioja,16.2,90,1554,9304,3599,1796,240,2,0.0,16288,16271,18.0,16289
20172Mendoza,2017,2,Mendoza,31.76,1090,240,177203,920,500,50,22,0.0,177505,169302,1451.0,170753
20172Misiones,2017,2,Misiones,30.09,1011,4447,47244,22033,21599,2892,570,0.0,99796,99794,0.0,99794
20172Neuquén,2017,2,Neuquén,61.91,1542,1395,81272,8490,18051,4774,1703,0.0,109586,115321,2112.0,117433
20172RíoNegro,2017,2,Río Negro,46.02,9730,5606,88085,2450,799,1921,559,0.0,105379,100621,998.0,101619
20172Salta,2017,2,Salta,32.74,5940,4719,67576,23185,11333,1068,76,0.0,108551,108540,1.0,108541
20172SanJuan,2017,2,San Juan,26.96,150,1930,58588,0,0,0,4,0.0,58800,51261,620.0,51881
20172SanLuis,2017,2,San Luis,9.51,80,40,14014,0,0,10,2,0.0,14029,12992,315.0,13307
20172SantaCruz,2017,2,Santa Cruz,26.25,1880,240,30913,5410,660,330,0,0.0,31765,26019,369.0,26388
20172SantaFe,2017,2,Santa Fe,52.27,4967,38721,311830,92854,97563,16794,4275,0.0,567004,566918,362.0,567280
20172SantiagoDelEstero,2017,2,Santiago Del Estero,14.12,260,3539,20384,6432,2802,160,0,0.0,33199,33194,2.0,33196
20172TierraDelFuego,2017,2,Tierra Del Fuego,68.46,160,2850,35409,0,0,0,0,0.0,35710,31938,619.0,32557
20172Tucumán,2017,2,Tucumán,38.19,960,9236,83342,42536,17788,1371,21,0.0,154390,154374,37.0,154411
20171BuenosAires,2017,1,Buenos Aires,58.57,6017,83918,2057698,402315,52354,90937,22299,0.0,3186724,3178174,11202.0,3189376
20171CapitalFederal,2017,1,Capital Federal,108.37,5100,1409,678922,218487,277195,66536,19881,0.0,1262940,1391030,8016.0,1399046
20171Catamarca,2017,1,Catamarca,25.66,150,3328,15861,4901,2161,490,0,0.0,26315,26304,13.0,26317
20171Chaco,2017,1,Chaco,28.62,1910,3835,44544,21467,15671,3025,314,0.0,89047,89036,14.0,89050
20171Chubut,2017,1,Chubut,35.66,4010,4182,73759,1808,0,0,0,0.0,80150,62166,1730.0,63896
20171Córdoba,2017,1,Córdoba,57.65,500,28732,391556,82011,118643,19035,2071,0.0,642098,641066,133.0,641199
20171Corrientes,2017,1,Corrientes,30.94,150,604,48149,20586,11468,2044,303,0.0,88605,88596,12.0,88608
20171EntreRíos,2017,1,Entre Ríos,44.91,168,808,108379,39146,20562,2254,317,0.0,180418,180296,57.0,180353
20171Formosa,2017,1,Formosa,19.84,1535,3538,15473,4446,4058,6350,22,0.0,29707,29705,0.0,29705
20171Jujuy,2017,1,Jujuy,22.76,3300,6213,27824,6486,2306,440,0,0.0,43203,43202,1.0,43203
20171LaPampa,2017,1,La Pampa,62.67,3620,9279,57739,3310,1920,1650,11,0.0,68079,71458,455.0,71913
20171LaRioja,2017,1,La Rioja,16.2,90,1578,9486,3409,1718,220,2,0.0,16224,16207,18.0,16225
20171Mendoza,2017,1,Mendoza,31.84,1060,150,177201,860,500,50,22,0.0,177485,169282,1451.0,170733
20171Misiones,2017,1,Misiones,29.52,101,4665,45950,23847,19356,2627,166,0.0,97621,97619,0.0,97619
20171Neuquén,2017,1,Neuquén,61.02,1547,1418,83813,9020,1513,4223,458,0.0,107491,113227,2112.0,115339
20171RíoNegro,2017,1,Río Negro,46.03,9860,5647,89622,2460,6738,1594,200,0.0,105033,100288,1000.0,101288
20171Salta,2017,1,Salta,32.58,5790,4861,70922,21554,9386,2670,74,0.0,107643,107632,1.0,107633
20171SanJuan,2017,1,San Juan,27.04,80,1920,58588,0,0,0,4,0.0,58792,51253,620.0,51873
20171SanLuis,2017,1,San Luis,9.55,80,40,14014,0,0,10,2,0.0,14029,12992,315.0,13307
20171SantaCruz,2017,1,Santa Cruz,26.52,1900,230,31078,4740,680,300,0,0.0,31863,26116,370.0,26486
20171SantaFe,2017,1,Santa Fe,51.97,4966,39463,340418,77152,83008,15775,1831,0.0,562613,562520,362.0,562882
20171SantiagoDelEstero,2017,1,Santiago Del Estero,14.7,260,3772,21659,6218,2786,170,0,0.0,34478,34473,2.0,34475
20171TierraDelFuego,2017,1,Tierra Del Fuego,68.92,160,2850,35409,0,0,0,0,0.0,35710,31938,619.0,32557
20171Tucumán,2017,1,Tucumán,37.9,960,9682,86470,39155,15951,1383,13,0.0,152750,152734,37.0,152771
20164BuenosAires,2016,4,Buenos Aires,61.24,6055,86281,2085605,403575,467398,72348,17279,0.0,3138541,3131499,11202.0,3142701
20164CapitalFederal,2016,4,Capital Federal,120.63,5170,1477,704324,225723,264582,53506,16756,0.0,1266885,1393443,8016.0,1401459
20164Catamarca,2016,4,Catamarca,26.54,150,3478,16519,4889,2077,540,0,0.0,27032,27021,13.0,27034
20164Chaco,2016,4,Chaco,28.79,1910,3983,45634,21323,14887,2586,250,0.0,88854,88833,14.0,88847
20164Chubut,2016,4,Chubut,36.07,4010,4493,73951,1352,0,0,0,0.0,80197,62035,1730.0,63765
20164Córdoba,2016,4,Córdoba,57.7,500,2938,404645,77966,108368,15458,1606,0.0,637473,636422,133.0,636555
20164Corrientes,2016,4,Corrientes,30.98,150,6109,48995,20187,10908,1645,234,0.0,88093,88084,12.0,88096
20164EntreRíos,2016,4,Entre Ríos,45.21,168,8253,110296,38491,19509,1801,280,0.0,180310,180188,57.0,180245
20164Formosa,2016,4,Formosa,19.85,1573,3519,15791,4114,3855,6490,17,0.0,29518,29513,0.0,29513
20164Jujuy,2016,4,Jujuy,22.65,3030,6225,27778,6143,2134,430,0,0.0,42626,42624,1.0,42625
20164LaPampa,2016,4,La Pampa,63.02,3680,9789,56694,160,3350,1320,11,0.0,67345,71368,460.0,71828
20164LaRioja,2016,4,La Rioja,16.46,90,1646,9635,3334,1675,130,3,0.0,16315,16298,18.0,16316
20164Mendoza,2016,4,Mendoza,32.11,1140,160,177194,790,490,50,20,0.0,177477,169274,1451.0,170725
20164Misiones,2016,4,Misiones,29.72,101,4783,47454,23433,18371,2215,126,0.0,97392,97390,0.0,97390
20164Neuquén,2016,4,Neuquén,60.87,1539,1406,84859,7920,14153,3073,271,0.0,106093,111723,2112.0,113835
20164RíoNegro,2016,4,Río Negro,46.39,9980,2953,92967,2480,6317,1174,122,0.0,104779,100020,1000.0,101020
20164Salta,2016,4,Salta,32.69,5770,5027,71636,20787,8611,2390,70,0.0,106947,106934,1.0,106935
20164SanJuan,2016,4,San Juan,27.29,80,2200,58608,0,0,0,4,0.0,58840,51301,620.0,51921
20164SanLuis,2016,4,San Luis,9.64,80,40,14014,0,0,10,2,0.0,14029,12992,315.0,13307
20164SantaCruz,2016,4,Santa Cruz,27.05,1890,230,31369,3420,800,100,0,0.0,32013,26094,370.0,26464
20164SantaFe,2016,4,Santa Fe,52.19,4966,40102,349722,74401,77667,13155,1529,0.0,561542,561470,362.0,561832
20164SantiagoDelEstero,2016,4,Santiago Del Estero,15.07,260,3925,22246,6178,2664,150,0,0.0,35054,35049,2.0,35051
20164TierraDelFuego,2016,4,Tierra Del Fuego,70.31,160,2850,35409,0,0,0,0,0.0,35710,31938,619.0,32557
20164Tucumán,2016,4,Tucumán,37.98,960,10021,87994,37721,14389,14,10,0.0,151631,151615,37.0,151652
20163BuenosAires,2016,3,Buenos Aires,60.14,5856,107945,2148475,39353,399116,529,13318,0.0,3121140,3075387,11205.0,3086592
20163CapitalFederal,2016,3,Capital Federal,120.77,3310,9950,759028,208249,240856,38341,13886,0.0,1261686,1395053,8051.0,1403104
20163Catamarca,2016,3,Catamarca,26.48,150,4038,16183,4845,1853,500,0,0.0,26984,26957,13.0,26970
20163Chaco,2016,3,Chaco,28.91,1900,5227,46821,21193,13746,2022,217,0.0,89416,89216,14.0,89230
20163Chubut,2016,3,Chubut,36.18,4660,519,74375,6740,0,0,0,0.0,80705,62222,1730.0,63952
20163Córdoba,2016,3,Córdoba,58.24,480,41329,415075,75988,99225,11691,1322,0.0,644678,642458,133.0,642591
20163Corrientes,2016,3,Corrientes,31.07,150,7425,49471,19956,10006,1263,210,0.0,88346,88328,12.0,88340
20163EntreRíos,2016,3,Entre Ríos,45.44,1768,10657,110844,38665,17737,1307,248,0.0,181226,181092,57.0,181149
20163Formosa,2016,3,Formosa,18.64,1723,4277,15581,3964,3658,6480,10,0.0,29861,27716,0.0,27716
20163Jujuy,2016,3,Jujuy,22.61,2860,6878,27425,5943,1978,310,0,0.0,42541,42537,1.0,42538
20163LaPampa,2016,3,La Pampa,61.73,3740,10187,55792,150,2240,1140,11,0.0,66717,69903,461.0,70364
20163LaRioja,2016,3,La Rioja,17.07,90,2349,9686,3316,1562,110,2,0.0,16935,16912,18.0,16930
20163Mendoza,2016,3,Mendoza,32.09,370,100,178186,730,480,50,17,0.0,178376,169174,1450.0,170624
20163Misiones,2016,3,Misiones,29.91,101,603,48871,23394,17043,1559,91,0.0,97998,97997,0.0,97997
20163Neuquén,2016,3,Neuquén,60.21,1531,1527,87404,6800,12541,2118,225,0.0,106026,110491,2112.0,112603
20163RíoNegro,2016,3,Río Negro,46.39,1007,6026,90689,2070,5953,7900,99,0.0,104771,100024,1002.0,101026
20163Salta,2016,3,Salta,32.96,1107,6922,71214,20229,8099,1970,50,0.0,107818,107790,1.0,107791
20163SanJuan,2016,3,San Juan,27.32,80,2450,58577,0,0,0,2,0.0,58832,51348,620.0,51968
20163SanLuis,2016,3,San Luis,9.63,70,40,14077,0,0,10,2,0.0,14091,12978,315.0,13293
20163SantaCruz,2016,3,Santa Cruz,26.84,1890,220,31904,2210,520,90,0,0.0,32397,25886,371.0,26257
20163SantaFe,2016,3,Santa Fe,52.67,3958,49501,360606,72657,69864,1021,1308,0.0,568104,566625,386.0,567011
20163SantiagoDelEstero,2016,3,Santiago Del Estero,15.33,260,5097,22747,6216,2497,90,0,0.0,36592,35658,2.0,35660
20163TierraDelFuego,2016,3,Tierra Del Fuego,68.94,160,2850,35080,0,0,0,0,0.0,35381,31306,619.0,31925
20163Tucumán,2016,3,Tucumán,37.9,1270,12247,87970,36518,1315,1288,4,0.0,151304,151282,37.0,151319
20162BuenosAires,2016,2,Buenos Aires,59.34,10786,133385,2250898,335296,334723,31494,11933,0.0,3108515,3032776,12515.0,3045291
20162CapitalFederal,2016,2,Capital Federal,120.04,4352,1736,859039,146091,21301,19597,13477,0.0,1257302,1384824,9760.0,1394584
20162Catamarca,2016,2,Catamarca,26.07,150,5736,14742,4567,1496,470,1,0.0,26604,26543,13.0,26556
20162Chaco,2016,2,Chaco,28.59,1970,8063,45823,20346,1209,1571,201,0.0,88291,88235,16.0,88251
20162Chubut,2016,2,Chubut,36.12,5720,5421,73078,7750,0,0,0,0.0,79846,62116,1740.0,63856
20162Córdoba,2016,2,Córdoba,57.55,2580,5705,437547,7198,82618,8355,1242,0.0,659050,634680,234.0,634914
20162Corrientes,2016,2,Corrientes,30.58,410,10018,47916,192,8851,8030,191,0.0,87020,86932,24.0,86956
20162EntreRíos,2016,2,Entre Ríos,44.74,4734,16368,115000,36917,15522,8490,205,0.0,189595,178194,179.0,178373
20162Formosa,2016,2,Formosa,19.37,1675,5401,14370,3569,3218,5930,10,0.0,28836,28801,1.0,28802
20162Jujuy,2016,2,Jujuy,21.89,2561,8292,25301,5589,175,30,0,0.0,43496,41187,2.0,41189
20162LaPampa,2016,2,La Pampa,60.44,4290,10616,63928,150,1190,960,11,0.0,75214,68403,485.0,68888
20162LaRioja,2016,2,La Rioja,16.88,100,3151,9043,319,1344,30,5,0.0,16746,16718,18.0,16736
20162Mendoza,2016,2,Mendoza,32.13,4370,300,176922,610,440,50,20,0.0,177519,169274,1550.0,170824
20162Misiones,2016,2,Misiones,29.24,1973,7899,49586,21385,1482,1073,96,0.0,96832,95808,7.0,95815
20162Neuquén,2016,2,Neuquén,59.1,1916,1691,88854,5830,10241,1285,208,0.0,104778,108224,2291.0,110515
20162RíoNegro,2016,2,Río Negro,46.24,1189,6107,92158,1940,4877,5200,86,0.0,105131,99631,1073.0,100704
20162Salta,2016,2,Salta,32.08,216,10123,70875,18759,7129,1400,49,0.0,109235,104929,3.0,104932
20162SanJuan,2016,2,San Juan,27.34,100,2730,57589,0,0,0,4,0.0,57876,51392,621.0,52013
20162SanLuis,2016,2,San Luis,9.6,120,40,13931,0,0,10,2,0.0,13950,12939,317.0,13256
20162SantaCruz,2016,2,Santa Cruz,26.73,2440,260,31995,1420,200,0,0,0.0,32427,25797,356.0,26153
20162SantaFe,2016,2,Santa Fe,52.44,9486,67325,374960,68505,60469,6509,1277,0.0,588531,563867,607.0,564474
20162SantiagoDelEstero,2016,2,Santiago Del Estero,15.89,7040,6705,22208,5943,2108,10,0,0.0,37669,36958,3.0,36961
20162TierraDelFuego,2016,2,Tierra Del Fuego,67.72,160,2860,38773,0,0,0,0,0.0,39075,30740,619.0,31359
20162Tucumán,2016,2,Tucumán,37.24,2310,18515,83945,33891,1131,1032,2,0.0,148926,148636,41.0,148677
20161BuenosAires,2016,1,Buenos Aires,57.34,7351,9788,2214760,289929,247372,8315,9529,0.0,2875136,2929903,12612.0,2942515
20161CapitalFederal,2016,1,Capital Federal,115.16,231,43686,869048,178665,192644,6577,10838,0.0,1303768,1328079,9817.0,1337896
20161Catamarca,2016,1,Catamarca,25.91,150,6102,14653,4241,1334,420,1,0.0,26388,26376,13.0,26389
20161Chaco,2016,1,Chaco,28.08,1940,8755,46304,19388,10587,1238,184,0.0,86650,86635,16.0,86651
20161Chubut,2016,1,Chubut,36.09,940,5095,72396,1066,0,0,0,0.0,78651,62060,1740.0,63800
20161Córdoba,2016,1,Córdoba,55.28,1480,59484,414452,65763,66455,4143,1039,0.0,611484,609692,234.0,609926
20161Corrientes,2016,1,Corrientes,30.08,290,1069,47833,18375,7911,5260,170,0.0,85534,85510,26.0,85536
20161EntreRíos,2016,1,Entre Ríos,43.85,2864,17749,104137,35104,14057,4570,165,0.0,174533,174634,179.0,174813
20161Formosa,2016,1,Formosa,19.04,1738,5731,14163,3229,2906,5440,5,0.0,28316,28313,1.0,28314
20161Jujuy,2016,1,Jujuy,21.41,2543,8558,22383,5188,1623,0,0,0.0,40295,40287,2.0,40289
20161LaPampa,2016,1,La Pampa,57.84,4260,11065,52117,150,780,710,11,0.0,63783,65442,487.0,65929
20161LaRioja,2016,1,La Rioja,16.83,100,3382,9060,298,1254,20,3,0.0,16691,16673,18.0,16691
20161Mendoza,2016,1,Mendoza,32.12,2350,210,175376,470,430,50,17,0.0,175744,169257,1553.0,170810
20161Misiones,2016,1,Misiones,28.37,9590,8502,50061,19195,13363,7790,68,0.0,92927,92951,7.0,92958
20161Neuquén,2016,1,Neuquén,55.75,172,1737,86310,4790,7893,1430,171,0.0,98453,101969,2292.0,104261
20161RíoNegro,2016,1,Río Negro,45.84,1171,6105,90038,2030,4246,770,81,0.0,101921,98745,1077.0,99822
20161Salta,2016,1,Salta,31.32,1119,10765,65646,17748,6643,1190,31,0.0,102071,102423,3.0,102426
20161SanJuan,2016,1,San Juan,27.33,90,3090,56447,0,0,0,2,0.0,56767,51373,621.0,51994
20161SanLuis,2016,1,San Luis,9.59,80,40,13645,0,0,10,2,0.0,13660,12915,317.0,13232
20161SantaCruz,2016,1,Santa Cruz,26.87,1680,290,32188,80,0,0,0,0.0,32393,25931,356.0,26287
20161SantaFe,2016,1,Santa Fe,51.28,6492,71565,353525,64117,51293,3754,1063,0.0,551809,551378,618.0,551996
20161SantiagoDelEstero,2016,1,Santiago Del Estero,16.21,7030,7219,22805,5769,1898,0,0,0.0,38394,37695,3.0,37698
20161TierraDelFuego,2016,1,Tierra Del Fuego,65.83,160,2850,33003,0,0,0,0,0.0,33304,29867,619.0,30486
20161Tucumán,2016,1,Tucumán,36.72,1060,20092,84008,3149,10046,8710,0,0.0,146613,146596,41.0,146637
20154BuenosAires,2015,4,Buenos Aires,58.29,7985,100303,2253197,27456,240188,3835,8180,0.0,2888246,2946743,12642.0,2959385
20154CapitalFederal,2015,4,Capital Federal,118.13,2417,46568,916813,172029,198635,3087,10899,0.0,1350450,1360381,9845.0,1370226
20154Catamarca,2015,4,Catamarca,26.24,150,6513,14484,4106,1313,390,1,0.0,26471,26459,13.0,26472
20154Chaco,2015,4,Chaco,28.35,1940,9593,46771,18608,10092,1136,159,0.0,86553,86537,16.0,86553
20154Chubut,2015,4,Chubut,36.89,6250,5774,71881,1680,0,0,0,0.0,78448,62279,1740.0,64019
20154Córdoba,2015,4,Córdoba,57.36,1480,63746,427471,62989,67151,3336,1088,0.0,625929,625835,235.0,626070
20154Corrientes,2015,4,Corrientes,30.34,290,11248,48104,17877,7569,4560,150,0.0,85433,85409,26.0,85435
20154EntreRíos,2015,4,Entre Ríos,44.11,2865,18883,104224,33989,13668,3990,163,0.0,174191,173957,180.0,174137
20154Formosa,2015,4,Formosa,19.07,1791,6081,14279,2704,2713,5190,4,0.0,28091,28088,1.0,28089
20154Jujuy,2015,4,Jujuy,21.47,2551,8876,21867,5044,1587,0,0,0.0,39925,39922,2.0,39924
20154LaPampa,2015,4,La Pampa,58.76,5920,12951,48798,160,630,490,10,0.0,62479,66054,312.0,66366
20154LaRioja,2015,4,La Rioja,17.32,100,3638,9127,2937,1215,20,3,0.0,16932,16914,18.0,16932
20154Mendoza,2015,4,Mendoza,32.49,2410,230,174719,380,410,50,13,0.0,175080,169251,1556.0,170807
20154Misiones,2015,4,Misiones,28.69,9590,9169,51029,17281,1369,6750,52,0.0,92855,92846,7.0,92853
20154Neuquén,2015,4,Neuquén,58.29,1727,2061,89678,4550,7934,90,175,0.0,102039,105122,2294.0,107416
20154RíoNegro,2015,4,Río Negro,46.44,3282,4473,89062,2010,4024,50,75,0.0,101122,98655,1067.0,99722
20154Salta,2015,4,Salta,31.59,1122,11387,65677,17139,6507,990,5,0.0,101936,101917,3.0,101920
20154SanJuan,2015,4,San Juan,27.66,90,3860,55761,0,0,0,2,0.0,56158,51408,621.0,52029
20154SanLuis,2015,4,San Luis,9.71,80,40,13473,0,0,10,2,0.0,13488,12901,317.0,13218
20154SantaCruz,2015,4,Santa Cruz,27.74,1880,260,32338,30,0,0,0,0.0,32555,26047,356.0,26403
20154SantaFe,2015,4,Santa Fe,52.61,6659,7577,361264,60985,51258,3079,1189,0.0,560204,561045,627.0,561672
20154SantiagoDelEstero,2015,4,Santiago Del Estero,17.0,7030,7836,23074,5669,1856,0,0,0.0,39138,39132,3.0,39135
20154TierraDelFuego,2015,4,Tierra Del Fuego,66.46,160,2850,32662,0,0,0,0,0.0,32963,29334,619.0,29953
20154Tucumán,2015,4,Tucumán,37.06,1070,218,83887,29942,9507,8370,0,0.0,146080,146053,42.0,146095
20153BuenosAires,2015,3,Buenos Aires,57.69,8361,107351,2266948,262564,200491,2642,7720,0.0,2856078,2916070,12695.0,2928765
20153CapitalFederal,2015,3,Capital Federal,118.29,2448,4934,942525,159618,175594,2028,10022,0.0,1341574,1362193,9875.0,1372068
20153Catamarca,2015,3,Catamarca,25.86,150,6871,14206,4143,8120,430,1,0.0,26091,26080,13.0,26093
20153Chaco,2015,3,Chaco,27.96,2400,10353,47131,19016,7498,9790,157,0.0,85374,85354,16.0,85370
20153Chubut,2015,3,Chubut,36.81,6410,5886,71668,1670,0,0,0,0.0,78362,62143,1740.0,63883
20153Córdoba,2015,3,Córdoba,57.08,1500,68765,429787,61109,59372,2582,1048,0.0,622813,622761,237.0,622998
20153Corrientes,2015,3,Corrientes,30.17,330,11921,48127,18168,6111,4530,146,0.0,84959,84931,28.0,84959
20153EntreRíos,2015,3,Entre Ríos,43.68,2863,20385,103990,34788,9924,3840,153,0.0,172487,172252,182.0,172434
20153Formosa,2015,3,Formosa,18.84,1862,6521,14354,2791,1842,3790,2,0.0,27751,27751,1.0,27752
20153Jujuy,2015,3,Jujuy,21.27,2549,9278,21588,5169,9660,0,0,0.0,39550,39548,2.0,39550
20153LaPampa,2015,3,La Pampa,57.96,6130,13087,47660,90,550,390,10,0.0,61473,64976,495.0,65471
20153LaRioja,2015,3,La Rioja,17.15,100,384,9102,2984,8320,0,3,0.0,16771,16753,18.0,16771
20153Mendoza,2015,3,Mendoza,32.49,2560,250,173430,450,180,50,13,0.0,173792,169261,1562.0,170823
20153Misiones,2015,3,Misiones,28.31,9580,9809,51234,17367,11654,5590,43,0.0,91624,91615,7.0,91622
20153Neuquén,2015,3,Neuquén,54.6,1733,2124,85044,2100,6599,20,155,0.0,95867,98376,2240.0,100616
20153RíoNegro,2015,3,Río Negro,46.39,3372,4457,88691,990,3826,10,62,0.0,100508,98529,1085.0,99614
20153Salta,2015,3,Salta,31.18,1126,12223,65405,17451,4318,610,5,0.0,100589,100570,3.0,100573
20153SanJuan,2015,3,San Juan,27.67,90,3910,54963,0,0,0,2,0.0,55365,51409,621.0,52030
20153SanLuis,2015,3,San Luis,9.71,90,40,13286,0,0,10,2,0.0,13302,12902,317.0,13219
20153SantaCruz,2015,3,Santa Cruz,27.61,1900,250,32266,20,0,0,0,0.0,32483,25912,359.0,26271
20153SantaFe,2015,3,Santa Fe,52.15,6767,80817,363177,59531,42021,232,1133,0.0,555766,556097,641.0,556738
20153SantiagoDelEstero,2015,3,Santiago Del Estero,17.12,7030,8332,23158,5956,1249,0,0,0.0,39398,39394,3.0,39397
20153TierraDelFuego,2015,3,Tierra Del Fuego,74.86,150,2850,36408,20,0,0,0,0.0,36710,33118,619.0,33737
20153Tucumán,2015,3,Tucumán,36.61,1070,23687,83654,29998,6232,6230,0,0.0,144301,144272,42.0,144314
20152BuenosAires,2015,2,Buenos Aires,56.8,8714,137189,2299705,243503,159922,201,6712,0.0,2857754,2871079,12711.0,2883790
20152CapitalFederal,2015,2,Capital Federal,116.07,2493,51799,990112,148569,142976,1482,9258,0.0,1346690,1336391,9893.0,1346284
20152Catamarca,2015,2,Catamarca,25.45,150,7253,14003,3776,5930,370,1,0.0,25678,25666,13.0,25679
20152Chaco,2015,2,Chaco,27.46,2880,11058,47551,17675,6337,7880,149,0.0,83846,83832,16.0,83848
20152Chubut,2015,2,Chubut,36.58,6560,6032,55791,1680,0,0,0,0.0,62647,61745,1740.0,63485
20152Córdoba,2015,2,Córdoba,55.87,1560,72695,434717,54993,46415,1956,903,0.0,611835,609510,236.0,609746
20152Corrientes,2015,2,Corrientes,29.58,340,12542,48015,17184,5039,3790,126,0.0,83319,83288,28.0,83316
20152EntreRíos,2015,2,Entre Ríos,42.93,2864,21986,104043,32293,7867,3540,136,0.0,169543,169309,183.0,169492
20152Formosa,2015,2,Formosa,18.36,1881,6907,14247,2436,1324,2570,1,0.0,27053,27013,37.0,27050
20152Jujuy,2015,2,Jujuy,20.29,2479,9474,20248,4792,7300,0,0,0.0,37723,37720,2.0,37722
20152LaPampa,2015,2,La Pampa,56.71,5737,8182,46235,270,240,250,10,0.0,60240,63552,500.0,64052
20152LaRioja,2015,2,La Rioja,16.88,100,4082,9093,268,6410,0,3,0.0,16509,16491,18.0,16509
20152Mendoza,2015,2,Mendoza,32.49,2680,260,170451,420,160,50,13,0.0,170821,169259,1564.0,170823
20152Misiones,2015,2,Misiones,27.35,9580,1036,51671,15022,10072,4080,33,0.0,88524,88512,7.0,88519
20152Neuquén,2015,2,Neuquén,53.12,1755,2348,82727,2140,5168,20,110,0.0,92324,95644,2241.0,97885
20152RíoNegro,2015,2,Río Negro,45.98,3413,4525,87362,970,324,10,51,0.0,98689,97640,1087.0,98727
20152Salta,2015,2,Salta,30.46,1123,1302,64737,16241,3114,290,5,0.0,98269,98264,3.0,98267
20152SanJuan,2015,2,San Juan,27.64,80,4100,51568,0,0,0,2,0.0,51988,51367,621.0,51988
20152SanLuis,2015,2,San Luis,9.71,90,40,13204,0,0,10,2,0.0,13220,12904,317.0,13221
20152SantaCruz,2015,2,Santa Cruz,27.07,2100,250,25519,20,0,0,0,0.0,25756,25384,379.0,25763
20152SantaFe,2015,2,Santa Fe,51.18,6827,86016,364441,53205,33894,1856,1014,0.0,547253,545739,649.0,546388
20152SantiagoDelEstero,2015,2,Santiago Del Estero,17.11,7030,8779,23456,5553,8880,0,0,0.0,39379,39375,3.0,39378
20152TierraDelFuego,2015,2,Tierra Del Fuego,74.51,150,2850,36073,20,0,0,0,0.0,36375,32960,619.0,33579
20152Tucumán,2015,2,Tucumán,35.69,1070,25178,83462,26966,4502,4550,0,0.0,140670,140635,42.0,140677
20151BuenosAires,2015,1,Buenos Aires,56.37,8882,123589,2267852,22007,126958,1561,5700,0.0,2754612,2847076,14766.0,2861842
20151CapitalFederal,2015,1,Capital Federal,114.9,2545,59084,1013510,134151,114569,1195,8401,0.0,1333455,1321139,11582.0,1332721
20151Catamarca,2015,1,Catamarca,25.11,130,7634,13754,3202,5170,90,1,0.0,25130,25312,20.0,25332
20151Chaco,2015,1,Chaco,26.65,260,12053,47425,15883,5346,4890,135,0.0,81357,81329,31.0,81360
20151Chubut,2015,1,Chubut,37.61,6510,6176,57333,1020,0,0,0,0.0,64262,63327,1946.0,65273
20151Córdoba,2015,1,Córdoba,54.7,1570,78427,432802,46574,37443,1615,815,0.0,597833,596663,294.0,596957
20151Corrientes,2015,1,Corrientes,28.95,360,13295,47842,15554,4424,2350,98,0.0,81484,81488,43.0,81531
20151EntreRíos,2015,1,Entre Ríos,42.07,2867,23951,104168,28113,6926,2740,119,0.0,166418,165839,231.0,166070
20151Formosa,2015,1,Formosa,18.12,1891,7336,14413,2024,8780,1570,1,0.0,26700,26657,43.0,26700
20151Jujuy,2015,1,Jujuy,19.69,2458,9754,19858,3939,6030,0,0,0.0,36612,36608,3.0,36611
20151LaPampa,2015,1,La Pampa,55.51,6059,8054,45038,260,100,130,10,0.0,59210,62155,542.0,62697
20151LaRioja,2015,1,La Rioja,16.7,110,4201,9379,2207,5330,0,3,0.0,16334,16310,23.0,16333
20151Mendoza,2015,1,Mendoza,32.37,2870,240,169763,380,160,60,11,0.0,170145,168355,1805.0,170160
20151Misiones,2015,1,Misiones,26.31,9580,11136,51906,12387,8543,1940,26,0.0,85150,85139,7.0,85146
20151Neuquén,2015,1,Neuquén,51.95,1895,2577,80787,1700,4067,20,76,0.0,89574,93373,2369.0,95742
20151RíoNegro,2015,1,Río Negro,45.33,3371,4913,86173,940,2632,20,42,0.0,97227,96145,1188.0,97333
20151Salta,2015,1,Salta,30.01,1123,14151,64992,13955,2569,150,5,0.0,96810,96793,18.0,96811
20151SanJuan,2015,1,San Juan,27.55,80,4450,51346,0,0,0,2,0.0,51801,51117,702.0,51819
20151SanLuis,2015,1,San Luis,9.72,100,80,12720,0,10,0,2,0.0,12741,12878,354.0,13232
20151SantaCruz,2015,1,Santa Cruz,27.99,2050,270,26048,20,0,0,0,0.0,26282,26217,424.0,26641
20151SantaFe,2015,1,Santa Fe,50.24,6883,93096,360964,4527,27597,1542,900,0.0,536252,535640,797.0,536437
20151SantiagoDelEstero,2015,1,Santiago Del Estero,17.06,7010,9236,23136,4796,7480,0,0,0.0,38617,39244,8.0,39252
20151TierraDelFuego,2015,1,Tierra Del Fuego,74.23,140,6090,36319,20,0,0,0,0.0,36944,32726,730.0,33456
20151Tucumán,2015,1,Tucumán,35.08,1070,27143,83895,23061,3722,3340,0,0.0,138262,138184,92.0,138276
20144BuenosAires,2014,4,Buenos Aires,56.09,8226,132937,2250445,20362,104322,9970,5406,0.0,2705954,2801178,15229.0,2816407
20144CapitalFederal,2014,4,Capital Federal,114.9,2698,62896,1038269,123451,95772,8900,7997,0.0,1331972,1318526,11994.0,1330520
20144Catamarca,2014,4,Catamarca,25.51,210,8047,14093,291,4210,0,1,0.0,25493,25472,21.0,25493
20144Chaco,2014,4,Chaco,21.87,4830,12837,42106,7908,26,1240,2,0.0,66060,65998,37.0,66035
20144Chubut,2014,4,Chubut,40.25,1858,6218,60392,700,0,0,0,0.0,68538,66557,1985.0,68542
20144Córdoba,2014,4,Córdoba,54.7,1903,85362,427844,41947,30858,1177,782,0.0,589873,590113,319.0,590432
20144Corrientes,2014,4,Corrientes,23.56,400,1386,42182,7513,2106,0,9,0.0,65710,65656,54.0,65710
20144EntreRíos,2014,4,Entre Ríos,36.03,2311,27801,88649,18318,3584,10,66,0.0,140730,140567,246.0,140813
20144Formosa,2014,4,Formosa,17.96,1947,783,14058,1852,4730,470,1,0.0,26208,26156,51.0,26207
20144Jujuy,2014,4,Jujuy,19.6,188,10427,19740,3443,4650,0,0,0.0,35955,35999,3.0,36002
20144LaPampa,2014,4,La Pampa,51.27,6266,6879,36520,260,50,40,10,0.0,49710,56813,567.0,57380
20144LaRioja,2014,4,La Rioja,17.01,90,4333,9728,1943,3860,0,3,0.0,16402,16379,23.0,16402
20144Mendoza,2014,4,Mendoza,32.64,3030,190,169222,360,140,50,12,0.0,169611,167766,1848.0,169614
20144Misiones,2014,4,Misiones,24.16,5470,1184,53093,8731,2952,540,12,0.0,77229,77222,7.0,77229
20144Neuquén,2014,4,Neuquén,52.55,1731,2744,80938,1260,3621,20,66,0.0,89228,92999,2397.0,95396
20144RíoNegro,2014,4,Río Negro,45.48,364,4723,85094,940,2319,40,30,0.0,95904,95050,1210.0,96260
20144Salta,2014,4,Salta,29.53,540,16214,63221,12552,1922,0,4,0.0,93967,93921,26.0,93947
20144SanJuan,2014,4,San Juan,28.04,110,4780,51628,0,0,0,2,0.0,52119,51390,729.0,52119
20144SanLuis,2014,4,San Luis,9.79,90,0,13135,0,0,10,2,0.0,13147,12788,359.0,13147
20144SantaCruz,2014,4,Santa Cruz,27.8,1560,14,24145,10,10,0,0,0.0,25703,25277,436.0,25713
20144SantaFe,2014,4,Santa Fe,50.0,8707,99962,359293,36718,21098,8690,824,0.0,527471,528459,938.0,529397
20144SantiagoDelEstero,2014,4,Santiago Del Estero,17.27,1246,8913,24181,4359,6020,0,0,0.0,39301,39308,9.0,39317
20144TierraDelFuego,2014,4,Tierra Del Fuego,66.14,120,2830,31489,20,0,0,0,0.0,31786,28249,741.0,28990
20144Tucumán,2014,4,Tucumán,35.32,170,28746,85091,20631,2733,1960,0,0.0,137414,137329,95.0,137424
20143BuenosAires,2014,3,Buenos Aires,56.75,7355,128187,2281524,156693,68947,2430,4232,0.0,2647181,2835537,14028.0,2849565
20143CapitalFederal,2014,3,Capital Federal,113.8,8400,78016,1060145,10217,70907,950,6626,0.0,1318799,1307195,10630.0,1317825
20143Catamarca,2014,3,Catamarca,24.71,190,8845,13790,1915,1110,0,0,0.0,24680,24665,21.0,24686
20143Chaco,2014,3,Chaco,21.11,3980,14731,41934,5428,1274,50,0,0.0,63770,63710,36.0,63746
20143Chubut,2014,3,Chubut,40.6,2013,6281,60771,340,0,0,0,0.0,69099,67130,2007.0,69137
20143Córdoba,2014,3,Córdoba,54.23,6600,98992,435692,28992,18888,840,664,0.0,583972,585231,200.0,585431
20143Corrientes,2014,3,Corrientes,22.79,210,15448,41717,5181,1172,0,0,0.0,63539,63516,33.0,63549
20143EntreRíos,2014,3,Entre Ríos,34.98,1709,2971,91450,12569,131,0,48,0.0,136796,136618,115.0,136733
20143Formosa,2014,3,Formosa,17.77,2001,8323,14202,1324,850,0,0,0.0,25935,25873,64.0,25937
20143Jujuy,2014,3,Jujuy,18.37,1270,10979,20216,2305,820,0,0,0.0,33709,33739,2.0,33741
20143LaPampa,2014,3,La Pampa,55.78,6458,6645,41009,240,50,40,10,0.0,54155,61861,564.0,62425
20143LaRioja,2014,3,La Rioja,16.51,100,4785,9720,1337,610,0,0,0.0,15913,15893,23.0,15916
20143Mendoza,2014,3,Mendoza,32.31,350,0,167763,310,120,130,1,0.0,167855,166184,1740.0,167924
20143Misiones,2014,3,Misiones,23.57,6400,13637,53510,5928,1606,0,1,0.0,75322,75327,0.0,75327
20143Neuquén,2014,3,Neuquén,56.4,1522,3099,80090,1070,2865,100,27,0.0,87720,100099,2268.0,102367
20143RíoNegro,2014,3,Río Negro,46.2,364,5189,86868,870,1944,80,9,0.0,97745,96629,1151.0,97780
20143Salta,2014,3,Salta,29.22,7320,17481,66026,8314,3880,0,0,0.0,92941,92929,25.0,92954
20143SanJuan,2014,3,San Juan,27.85,80,4870,51276,0,0,0,0,0.0,51771,51031,748.0,51779
20143SanLuis,2014,3,San Luis,9.71,80,0,13029,0,0,30,0,0.0,13040,12683,363.0,13046
20143SantaCruz,2014,3,Santa Cruz,28.23,1950,1624,24248,10,10,0,0,0.0,26069,25664,446.0,26110
20143SantaFe,2014,3,Santa Fe,49.2,823,112593,357615,23962,12124,380,806,0.0,515368,520196,691.0,520887
20143SantiagoDelEstero,2014,3,Santiago Del Estero,16.49,7910,9914,23826,2867,1420,0,0,0.0,37540,37539,9.0,37548
20143TierraDelFuego,2014,3,Tierra Del Fuego,65.69,120,3360,32348,20,0,0,0,0.0,32698,28037,755.0,28792
20143Tucumán,2014,3,Tucumán,33.94,60,32716,84668,14101,5590,40,0,0.0,132054,131978,88.0,132066
20142BuenosAires,2014,2,Buenos Aires,55.06,6902,162274,2288772,140226,56549,2840,4309,0.0,2659316,2750430,14116.0,2764546
20142CapitalFederal,2014,2,Capital Federal,113.14,8470,81431,1078213,87359,56004,590,6427,0.0,1310340,1299502,10713.0,1310215
20142Catamarca,2014,2,Catamarca,24.7,190,8844,13794,1915,1110,0,0,0.0,24683,24660,23.0,24683
20142Chaco,2014,2,Chaco,20.96,4120,14854,41530,5418,1085,50,0,0.0,63304,63243,36.0,63279
20142Chubut,2014,2,Chubut,41.41,2064,6582,61868,0,0,0,0,0.0,70514,68503,2016.0,70519
20142Córdoba,2014,2,Córdoba,53.45,2105,101598,429536,28698,14824,760,627,0.0,577464,576747,205.0,576952
20142Corrientes,2014,2,Corrientes,22.58,200,15563,41219,5199,9560,0,0,0.0,62957,62925,33.0,62958
20142EntreRíos,2014,2,Entre Ríos,34.69,2187,32781,86757,12564,1162,0,44,0.0,135495,135468,115.0,135583
20142Formosa,2014,2,Formosa,17.54,2032,8218,13944,1321,850,0,0,0.0,25600,25535,65.0,25600
20142Jujuy,2014,2,Jujuy,18.71,1873,11233,18851,2305,820,0,0,0.0,34344,34359,2.0,34361
20142LaPampa,2014,2,La Pampa,49.71,7032,6761,34089,180,50,40,10,0.0,47919,55048,580.0,55628
20142LaRioja,2014,2,La Rioja,16.5,100,4785,9719,1337,610,0,0,0.0,15912,15889,23.0,15912
20142Mendoza,2014,2,Mendoza,32.1,350,60,166710,310,100,50,10,0.0,166807,165046,1761.0,166807
20142Misiones,2014,2,Misiones,23.37,5400,13644,53245,5924,1334,20,0,0.0,74689,74689,0.0,74689
20142Neuquén,2014,2,Neuquén,50.84,1531,3206,79087,920,2289,20,30,0.0,86237,90053,2235.0,92288
20142RíoNegro,2014,2,Río Negro,45.33,3468,5507,84978,780,1569,20,8,0.0,95610,94812,1145.0,95957
20142Salta,2014,2,Salta,28.91,530,18818,64440,8293,3880,0,0,0.0,91992,91949,25.0,91974
20142SanJuan,2014,2,San Juan,27.78,100,5070,51129,0,0,0,0,0.0,51646,50891,755.0,51646
20142SanLuis,2014,2,San Luis,9.72,70,0,13045,0,0,10,2,0.0,13055,12691,364.0,13055
20142SantaCruz,2014,2,Santa Cruz,29.38,1530,1637,25374,20,0,0,0,0.0,27166,26710,459.0,27169
20142SantaFe,2014,2,Santa Fe,48.39,8515,115197,353559,23939,10058,340,792,0.0,512094,511753,605.0,512358
20142SantiagoDelEstero,2014,2,Santiago Del Estero,16.7,1231,9914,23842,2867,1420,0,0,0.0,37996,38002,9.0,38011
20142TierraDelFuego,2014,2,Tierra Del Fuego,64.36,120,3340,31198,20,0,0,0,0.0,31546,27443,766.0,28209
20142Tucumán,2014,2,Tucumán,33.94,60,32714,84675,14101,5590,40,0,0.0,132059,131981,88.0,132069
20141BuenosAires,2014,1,Buenos Aires,54.57,8469,171244,2279875,121787,38923,2060,4037,0.0,2624542,2725732,14144.0,2739876
20141CapitalFederal,2014,1,Capital Federal,112.25,8520,88826,1096050,70293,38798,550,6208,0.0,1301081,1289204,10714.0,1299918
20141Catamarca,2014,1,Catamarca,24.25,190,9147,13330,1672,640,0,0,0.0,24232,24209,23.0,24232
20141Chaco,2014,1,Chaco,20.72,4380,15849,40869,4644,7410,50,0,0.0,62546,62520,36.0,62556
20141Chubut,2014,1,Chubut,41.24,7452,100,61329,0,0,0,0,0.0,68791,68205,2016.0,70221
20141Córdoba,2014,1,Córdoba,52.52,2076,107705,423114,24112,9818,400,588,0.0,567453,566705,205.0,566910
20141Corrientes,2014,1,Corrientes,22.32,200,16357,40742,4486,6300,0,0,0.0,62235,62203,33.0,62236
20141EntreRíos,2014,1,Entre Ríos,34.37,2177,35206,85248,10828,7460,0,43,0.0,134248,134216,115.0,134331
20141Formosa,2014,1,Formosa,17.42,2062,8475,13685,1133,670,0,0,0.0,25422,25335,87.0,25422
20141Jujuy,2014,1,Jujuy,18.42,1832,11498,18415,2002,560,0,0,0.0,33803,33825,2.0,33827
20141LaPampa,2014,1,La Pampa,48.43,7434,6535,32501,170,50,40,10,0.0,46506,53601,592.0,54193
20141LaRioja,2014,1,La Rioja,16.29,100,5111,9390,1165,350,0,0,0.0,15711,15688,23.0,15711
20141Mendoza,2014,1,Mendoza,31.91,350,60,166655,190,100,60,9,0.0,166740,164084,1761.0,165845
20141Misiones,2014,1,Misiones,23.14,5450,1446,52852,5139,9580,0,0,0.0,73954,73950,0.0,73950
20141Neuquén,2014,1,Neuquén,49.79,4133,9870,77148,840,1582,20,22,0.0,83958,88077,2303.0,90380
20141RíoNegro,2014,1,Río Negro,44.91,467,4618,84304,730,1062,10,8,0.0,94736,93909,1157.0,95066
20141Salta,2014,1,Salta,28.7,530,19677,64061,7192,3140,0,0,0.0,91297,91265,25.0,91290
20141SanJuan,2014,1,San Juan,27.6,5310,20,51056,0,0,0,0,0.0,51589,50543,755.0,51298
20141SanLuis,2014,1,San Luis,9.35,70,30,12544,0,10,0,2,0.0,12557,12193,364.0,12557
20141SantaCruz,2014,1,Santa Cruz,28.94,1610,1625,24972,10,10,0,0,0.0,26760,26304,460.0,26764
20141SantaFe,2014,1,Santa Fe,47.85,8456,124468,345225,20328,6845,230,668,0.0,506013,506000,612.0,506612
20141SantiagoDelEstero,2014,1,Santiago Del Estero,16.31,1234,10531,22817,2422,1090,0,0,0.0,37113,37124,9.0,37133
20141TierraDelFuego,2014,1,Tierra Del Fuego,63.97,120,6070,30902,60,0,0,0,0.0,31527,27272,766.0,28038
20141Tucumán,2014,1,Tucumán,33.42,60,34672,83210,11779,3620,30,0,0.0,130032,129944,88.0,130032
